solid OpenSCAD_Model
  facet normal -1 0 0
    outer loop
      vertex -2395 650 1785
      vertex -2395 700 895
      vertex -2395 650 895
    endloop
  endfacet
  facet normal -1 0 0
    outer loop
      vertex -2395 650 1785
      vertex -2395 700 1785
      vertex -2395 700 895
    endloop
  endfacet
  facet normal 0 0 -1
    outer loop
      vertex -1505 650 895
      vertex -2395 650 895
      vertex -2395 700 895
    endloop
  endfacet
  facet normal 0 1 0
    outer loop
      vertex -1650 700 1040
      vertex -2395 700 895
      vertex -2250 700 1040
    endloop
  endfacet
  facet normal 0 0 -1
    outer loop
      vertex -1505 650 895
      vertex -2395 700 895
      vertex -1505 700 895
    endloop
  endfacet
  facet normal 0 1 0
    outer loop
      vertex -1650 700 1040
      vertex -1505 700 895
      vertex -2395 700 895
    endloop
  endfacet
  facet normal 0 1 0
    outer loop
      vertex -2250 700 1640
      vertex -2250 700 1040
      vertex -2395 700 895
    endloop
  endfacet
  facet normal 0 -1 0
    outer loop
      vertex -2395 650 1785
      vertex -2395 650 895
      vertex -1505 650 895
    endloop
  endfacet
  facet normal 0 1 0
    outer loop
      vertex -2395 700 1785
      vertex -2250 700 1640
      vertex -2395 700 895
    endloop
  endfacet
  facet normal 0 1 0
    outer loop
      vertex -1650 700 1640
      vertex -2250 700 1640
      vertex -2395 700 1785
    endloop
  endfacet
  facet normal 1 0 0
    outer loop
      vertex -1505 700 1785
      vertex -1505 650 895
      vertex -1505 700 895
    endloop
  endfacet
  facet normal 0 1 0
    outer loop
      vertex -1650 700 1640
      vertex -1505 700 895
      vertex -1650 700 1040
    endloop
  endfacet
  facet normal 0 -1 0
    outer loop
      vertex -1505 650 1785
      vertex -2395 650 1785
      vertex -1505 650 895
    endloop
  endfacet
  facet normal 1 0 0
    outer loop
      vertex -1505 650 1785
      vertex -1505 650 895
      vertex -1505 700 1785
    endloop
  endfacet
  facet normal 0 1 0
    outer loop
      vertex -1505 700 1785
      vertex -1505 700 895
      vertex -1650 700 1640
    endloop
  endfacet
  facet normal 0 0 1
    outer loop
      vertex -1505 700 1785
      vertex -2395 700 1785
      vertex -2395 650 1785
    endloop
  endfacet
  facet normal 0 0 1
    outer loop
      vertex -1505 650 1785
      vertex -1505 700 1785
      vertex -2395 650 1785
    endloop
  endfacet
  facet normal 0 1 0
    outer loop
      vertex -1505 700 1785
      vertex -1650 700 1640
      vertex -2395 700 1785
    endloop
  endfacet
  facet normal 0 -1 0
    outer loop
      vertex -2857.145134028385 1150 -1046.054054314413
      vertex -4295 1150 -2270
      vertex -2838.892653158241 1150 -1075.8393960166443
    endloop
  endfacet
  facet normal 0 -1 0
    outer loop
      vertex -2857.145134028385 1150 -1046.054054314413
      vertex -2874.4530282087762 1150 -1015.7100856011075
      vertex -4295 1150 -2270
    endloop
  endfacet
  facet normal 0 -1 0
    outer loop
      vertex -2890.7992548974653 1150 -984.837435710376
      vertex -4295 1150 -2270
      vertex -2874.4530282087762 1150 -1015.7100856011075
    endloop
  endfacet
  facet normal 0 -1 0
    outer loop
      vertex -2906.167682342214 1150 -953.4665722203608
      vertex -4295 1150 -2270
      vertex -2890.7992548974653 1150 -984.837435710376
    endloop
  endfacet
  facet normal 0 -1 0
    outer loop
      vertex -2920.543143760587 1150 -921.628454385876
      vertex -4295 1150 -2270
      vertex -2906.167682342214 1150 -953.4665722203608
    endloop
  endfacet
  facet normal 0 -1 0
    outer loop
      vertex -2920.543143760587 1150 -921.628454385876
      vertex -2933.9114523077355 1150 -889.3545025853618
      vertex -4295 1150 -2270
    endloop
  endfacet
  facet normal 0 -1 0
    outer loop
      vertex -2946.2594150770988 1150 -856.6765673127641
      vertex -4295 1150 -2270
      vertex -2933.9114523077355 1150 -889.3545025853618
    endloop
  endfacet
  facet normal 0 -1 0
    outer loop
      vertex -2957.5748461202106 1150 -823.6268977449415
      vertex -4295 1150 -2270
      vertex -2946.2594150770988 1150 -856.6765673127641
    endloop
  endfacet
  facet normal 0 -1 0
    outer loop
      vertex -2967.8465784727605 1150 -790.238109915623
      vertex -4295 1150 -2270
      vertex -2957.5748461202106 1150 -823.6268977449415
    endloop
  endfacet
  facet normal 0 -1 0
    outer loop
      vertex -2977.064475175038 1150 -756.5431545273185
      vertex -2985.2194392758875 1150 -722.5752844329553
      vertex -4295 1150 -2270
    endloop
  endfacet
  facet normal 0 -1 0
    outer loop
      vertex -2977.064475175038 1150 -756.5431545273185
      vertex -4295 1150 -2270
      vertex -2967.8465784727605 1150 -790.238109915623
    endloop
  endfacet
  facet normal 0 1 0
    outer loop
      vertex -2857.145134028385 1200 -1046.054054314413
      vertex -2838.892653158241 1200 -1075.8393960166443
      vertex -4295 1200 -2270
    endloop
  endfacet
  facet normal 0 1 0
    outer loop
      vertex -2857.145134028385 1200 -1046.054054314413
      vertex -4295 1200 -2270
      vertex -2874.4530282087762 1200 -1015.7100856011075
    endloop
  endfacet
  facet normal 0 1 0
    outer loop
      vertex -2890.7992548974653 1200 -984.837435710376
      vertex -2874.4530282087762 1200 -1015.7100856011075
      vertex -4295 1200 -2270
    endloop
  endfacet
  facet normal 0 1 0
    outer loop
      vertex -2906.167682342214 1200 -953.4665722203608
      vertex -2890.7992548974653 1200 -984.837435710376
      vertex -4295 1200 -2270
    endloop
  endfacet
  facet normal 0 1 0
    outer loop
      vertex -2920.543143760587 1200 -921.628454385876
      vertex -2906.167682342214 1200 -953.4665722203608
      vertex -4295 1200 -2270
    endloop
  endfacet
  facet normal 0 1 0
    outer loop
      vertex -2920.543143760587 1200 -921.628454385876
      vertex -4295 1200 -2270
      vertex -2933.9114523077355 1200 -889.3545025853618
    endloop
  endfacet
  facet normal 0 1 0
    outer loop
      vertex -2946.2594150770988 1200 -856.6765673127641
      vertex -2933.9114523077355 1200 -889.3545025853618
      vertex -4295 1200 -2270
    endloop
  endfacet
  facet normal 0 1 0
    outer loop
      vertex -2957.5748461202106 1200 -823.6268977449415
      vertex -2946.2594150770988 1200 -856.6765673127641
      vertex -4295 1200 -2270
    endloop
  endfacet
  facet normal 0 1 0
    outer loop
      vertex -2967.8465784727605 1200 -790.238109915623
      vertex -2957.5748461202106 1200 -823.6268977449415
      vertex -4295 1200 -2270
    endloop
  endfacet
  facet normal 0 1 0
    outer loop
      vertex -2977.064475175038 1200 -756.5431545273185
      vertex -4295 1200 -2270
      vertex -2985.2194392758875 1200 -722.5752844329553
    endloop
  endfacet
  facet normal 0 1 0
    outer loop
      vertex -2977.064475175038 1200 -756.5431545273185
      vertex -2967.8465784727605 1200 -790.238109915623
      vertex -4295 1200 -2270
    endloop
  endfacet
  facet normal 0 1 0
    outer loop
      vertex -2992.3034228103015 1200 -688.3680218193258
      vertex -2985.2194392758875 1200 -722.5752844329553
      vertex -4295 1200 -2270
    endloop
  endfacet
  facet normal 0 1 0
    outer loop
      vertex -2998.309434741793 1200 -653.9551251247367
      vertex -2992.3034228103015 1200 -688.3680218193258
      vertex -4295 1200 -2270
    endloop
  endfacet
  facet normal 0 1 0
    outer loop
      vertex -3003.2315478616993 1200 -619.3705557235063
      vertex -2998.309434741793 1200 -653.9551251247367
      vertex -4295 1200 -2270
    endloop
  endfacet
  facet normal 0 1 0
    outer loop
      vertex -3007.064904638625 1200 -584.648444410188
      vertex -3003.2315478616993 1200 -619.3705557235063
      vertex -4295 1200 -2270
    endloop
  endfacet
  facet normal 0 -1 0
    outer loop
      vertex -2466.054054314413 1150 -1437.1451340283852
      vertex -2495.839396016644 1150 -1418.8926531582408
      vertex -4295 1150 -2270
    endloop
  endfacet
  facet normal 0 -1 0
    outer loop
      vertex -2373.466572220361 1150 -1486.1676823422135
      vertex -2404.8374357103758 1150 -1470.799254897465
      vertex -4295 1150 -2270
    endloop
  endfacet
  facet normal 0 -1 0
    outer loop
      vertex -2435.7100856011075 1150 -1454.4530282087762
      vertex -2466.054054314413 1150 -1437.1451340283852
      vertex -4295 1150 -2270
    endloop
  endfacet
  facet normal 0 -1 0
    outer loop
      vertex -2404.8374357103758 1150 -1470.799254897465
      vertex -2435.7100856011075 1150 -1454.4530282087762
      vertex -4295 1150 -2270
    endloop
  endfacet
  facet normal 0 -1 0
    outer loop
      vertex -2373.466572220361 1150 -1486.1676823422135
      vertex -4295 1150 -2270
      vertex -2341.628454385876 1150 -1500.543143760587
    endloop
  endfacet
  facet normal 0 -1 0
    outer loop
      vertex -2309.354502585362 1150 -1513.9114523077355
      vertex -2341.628454385876 1150 -1500.543143760587
      vertex -4295 1150 -2270
    endloop
  endfacet
  facet normal 0 -1 0
    outer loop
      vertex -2243.6268977449417 1150 -1537.5748461202106
      vertex -2276.676567312764 1150 -1526.2594150770988
      vertex -4295 1150 -2270
    endloop
  endfacet
  facet normal 0 -1 0
    outer loop
      vertex -2210.2381099156228 1150 -1547.8465784727607
      vertex -2243.6268977449417 1150 -1537.5748461202106
      vertex -4295 1150 -2270
    endloop
  endfacet
  facet normal 0 -1 0
    outer loop
      vertex -2176.5431545273186 1150 -1557.0644751750378
      vertex -2210.2381099156228 1150 -1547.8465784727607
      vertex -4295 1150 -2270
    endloop
  endfacet
  facet normal 0 -1 0
    outer loop
      vertex -2176.5431545273186 1150 -1557.0644751750378
      vertex -4295 1150 -2270
      vertex -2142.5752844329554 1150 -1565.2194392758872
    endloop
  endfacet
  facet normal 0 -1 0
    outer loop
      vertex -2108.368021819326 1150 -1572.3034228103018
      vertex -2142.5752844329554 1150 -1565.2194392758872
      vertex -4295 1150 -2270
    endloop
  endfacet
  facet normal 0 -1 0
    outer loop
      vertex -2276.676567312764 1150 -1526.2594150770988
      vertex -2309.354502585362 1150 -1513.9114523077355
      vertex -4295 1150 -2270
    endloop
  endfacet
  facet normal 0 1 0
    outer loop
      vertex -2466.054054314413 1200 -1437.1451340283852
      vertex -4295 1200 -2270
      vertex -2495.839396016644 1200 -1418.8926531582408
    endloop
  endfacet
  facet normal 0 1 0
    outer loop
      vertex -2373.466572220361 1200 -1486.1676823422135
      vertex -4295 1200 -2270
      vertex -2404.8374357103758 1200 -1470.799254897465
    endloop
  endfacet
  facet normal 0 1 0
    outer loop
      vertex -2435.7100856011075 1200 -1454.4530282087762
      vertex -4295 1200 -2270
      vertex -2466.054054314413 1200 -1437.1451340283852
    endloop
  endfacet
  facet normal 0 1 0
    outer loop
      vertex -2404.8374357103758 1200 -1470.799254897465
      vertex -4295 1200 -2270
      vertex -2435.7100856011075 1200 -1454.4530282087762
    endloop
  endfacet
  facet normal 0 1 0
    outer loop
      vertex -2373.466572220361 1200 -1486.1676823422135
      vertex -2341.628454385876 1200 -1500.543143760587
      vertex -4295 1200 -2270
    endloop
  endfacet
  facet normal 0 1 0
    outer loop
      vertex -2309.354502585362 1200 -1513.9114523077355
      vertex -4295 1200 -2270
      vertex -2341.628454385876 1200 -1500.543143760587
    endloop
  endfacet
  facet normal 0 1 0
    outer loop
      vertex -2243.6268977449417 1200 -1537.5748461202106
      vertex -4295 1200 -2270
      vertex -2276.676567312764 1200 -1526.2594150770988
    endloop
  endfacet
  facet normal 0 1 0
    outer loop
      vertex -2210.2381099156228 1200 -1547.8465784727607
      vertex -4295 1200 -2270
      vertex -2243.6268977449417 1200 -1537.5748461202106
    endloop
  endfacet
  facet normal 0 1 0
    outer loop
      vertex -2176.5431545273186 1200 -1557.0644751750378
      vertex -4295 1200 -2270
      vertex -2210.2381099156228 1200 -1547.8465784727607
    endloop
  endfacet
  facet normal 0 1 0
    outer loop
      vertex -2176.5431545273186 1200 -1557.0644751750378
      vertex -2142.5752844329554 1200 -1565.2194392758872
      vertex -4295 1200 -2270
    endloop
  endfacet
  facet normal 0 1 0
    outer loop
      vertex -2108.368021819326 1200 -1572.3034228103018
      vertex -4295 1200 -2270
      vertex -2142.5752844329554 1200 -1565.2194392758872
    endloop
  endfacet
  facet normal 0 1 0
    outer loop
      vertex -2276.676567312764 1200 -1526.2594150770988
      vertex -4295 1200 -2270
      vertex -2309.354502585362 1200 -1513.9114523077355
    endloop
  endfacet
  facet normal 0 -1 0
    outer loop
      vertex -2073.9551251247367 1150 -1578.3094347417932
      vertex -2108.368021819326 1150 -1572.3034228103018
      vertex -4295 1150 -2270
    endloop
  endfacet
  facet normal 0 1 0
    outer loop
      vertex -2073.9551251247367 1200 -1578.3094347417932
      vertex -4295 1200 -2270
      vertex -2108.368021819326 1200 -1572.3034228103018
    endloop
  endfacet
  facet normal 0 -1 0
    outer loop
      vertex -2686.302740679441 1150 -1266.3027406794408
      vertex -4295 1150 -2270
      vertex -2661.216381792702 1150 -1290.6131136926097
    endloop
  endfacet
  facet normal 0 -1 0
    outer loop
      vertex -2710.6131136926097 1150 -1241.216381792702
      vertex -2734.123509429071 1150 -1215.3787942399008
      vertex -4295 1150 -2270
    endloop
  endfacet
  facet normal 0 -1 0
    outer loop
      vertex -2710.6131136926097 1150 -1241.216381792702
      vertex -4295 1150 -2270
      vertex -2686.302740679441 1150 -1266.3027406794408
    endloop
  endfacet
  facet normal 0 -1 0
    outer loop
      vertex -2608.8154766005428 1150 -1336.8107259666776
      vertex -2635.378794239901 1150 -1314.123509429071
      vertex -4295 1150 -2270
    endloop
  endfacet
  facet normal 0 -1 0
    outer loop
      vertex -2581.55264366211 1150 -1358.6523737617676
      vertex -2608.8154766005428 1150 -1336.8107259666776
      vertex -4295 1150 -2270
    endloop
  endfacet
  facet normal 0 -1 0
    outer loop
      vertex -2553.61720054923 1150 -1379.6268977449415
      vertex -2581.55264366211 1150 -1358.6523737617676
      vertex -4295 1150 -2270
    endloop
  endfacet
  facet normal 0 -1 0
    outer loop
      vertex -2553.61720054923 1150 -1379.6268977449415
      vertex -4295 1150 -2270
      vertex -2525.0367161715694 1150 -1399.7135985933128
    endloop
  endfacet
  facet normal 0 -1 0
    outer loop
      vertex -2525.0367161715694 1150 -1399.7135985933128
      vertex -4295 1150 -2270
      vertex -2495.839396016644 1150 -1418.8926531582408
    endloop
  endfacet
  facet normal 0 -1 0
    outer loop
      vertex -2661.216381792702 1150 -1290.6131136926097
      vertex -4295 1150 -2270
      vertex -2635.378794239901 1150 -1314.123509429071
    endloop
  endfacet
  facet normal 0 -1 0
    outer loop
      vertex -2756.8107259666776 1150 -1188.815476600543
      vertex -2778.6523737617676 1150 -1161.5526436621099
      vertex -4295 1150 -2270
    endloop
  endfacet
  facet normal 0 -1 0
    outer loop
      vertex -2799.6268977449417 1150 -1133.6172005492301
      vertex -2819.713598593313 1150 -1105.0367161715692
      vertex -4295 1150 -2270
    endloop
  endfacet
  facet normal 0 -1 0
    outer loop
      vertex -2799.6268977449417 1150 -1133.6172005492301
      vertex -4295 1150 -2270
      vertex -2778.6523737617676 1150 -1161.5526436621099
    endloop
  endfacet
  facet normal 0 -1 0
    outer loop
      vertex -2756.8107259666776 1150 -1188.815476600543
      vertex -4295 1150 -2270
      vertex -2734.123509429071 1150 -1215.3787942399008
    endloop
  endfacet
  facet normal 0 -1 0
    outer loop
      vertex -2838.892653158241 1150 -1075.8393960166443
      vertex -4295 1150 -2270
      vertex -2819.713598593313 1150 -1105.0367161715692
    endloop
  endfacet
  facet normal 0 1 0
    outer loop
      vertex -2686.302740679441 1200 -1266.3027406794408
      vertex -2661.216381792702 1200 -1290.6131136926097
      vertex -4295 1200 -2270
    endloop
  endfacet
  facet normal 0 1 0
    outer loop
      vertex -2710.6131136926097 1200 -1241.216381792702
      vertex -4295 1200 -2270
      vertex -2734.123509429071 1200 -1215.3787942399008
    endloop
  endfacet
  facet normal 0 1 0
    outer loop
      vertex -2710.6131136926097 1200 -1241.216381792702
      vertex -2686.302740679441 1200 -1266.3027406794408
      vertex -4295 1200 -2270
    endloop
  endfacet
  facet normal 0 1 0
    outer loop
      vertex -2608.8154766005428 1200 -1336.8107259666776
      vertex -4295 1200 -2270
      vertex -2635.378794239901 1200 -1314.123509429071
    endloop
  endfacet
  facet normal 0 1 0
    outer loop
      vertex -2581.55264366211 1200 -1358.6523737617676
      vertex -4295 1200 -2270
      vertex -2608.8154766005428 1200 -1336.8107259666776
    endloop
  endfacet
  facet normal 0 1 0
    outer loop
      vertex -2553.61720054923 1200 -1379.6268977449415
      vertex -4295 1200 -2270
      vertex -2581.55264366211 1200 -1358.6523737617676
    endloop
  endfacet
  facet normal 0 1 0
    outer loop
      vertex -2553.61720054923 1200 -1379.6268977449415
      vertex -2525.0367161715694 1200 -1399.7135985933128
      vertex -4295 1200 -2270
    endloop
  endfacet
  facet normal 0 1 0
    outer loop
      vertex -2525.0367161715694 1200 -1399.7135985933128
      vertex -2495.839396016644 1200 -1418.8926531582408
      vertex -4295 1200 -2270
    endloop
  endfacet
  facet normal 0 1 0
    outer loop
      vertex -2661.216381792702 1200 -1290.6131136926097
      vertex -2635.378794239901 1200 -1314.123509429071
      vertex -4295 1200 -2270
    endloop
  endfacet
  facet normal 0 1 0
    outer loop
      vertex -2756.8107259666776 1200 -1188.815476600543
      vertex -4295 1200 -2270
      vertex -2778.6523737617676 1200 -1161.5526436621099
    endloop
  endfacet
  facet normal 0 1 0
    outer loop
      vertex -2799.6268977449417 1200 -1133.6172005492301
      vertex -4295 1200 -2270
      vertex -2819.713598593313 1200 -1105.0367161715692
    endloop
  endfacet
  facet normal 0 1 0
    outer loop
      vertex -2799.6268977449417 1200 -1133.6172005492301
      vertex -2778.6523737617676 1200 -1161.5526436621099
      vertex -4295 1200 -2270
    endloop
  endfacet
  facet normal 0 1 0
    outer loop
      vertex -2756.8107259666776 1200 -1188.815476600543
      vertex -2734.123509429071 1200 -1215.3787942399008
      vertex -4295 1200 -2270
    endloop
  endfacet
  facet normal 0 1 0
    outer loop
      vertex -2838.892653158241 1200 -1075.8393960166443
      vertex -2819.713598593313 1200 -1105.0367161715692
      vertex -4295 1200 -2270
    endloop
  endfacet
  facet normal 0.5224985647159484 0 0.8526401643540925
    outer loop
      vertex -2495.839396016644 1150 -1418.8926531582408
      vertex -2466.054054314413 1200 -1437.1451340283852
      vertex -2495.839396016644 1200 -1418.8926531582408
    endloop
  endfacet
  facet normal 0.4115143586051138 0 0.9114032766354428
    outer loop
      vertex -2373.466572220361 1150 -1486.1676823422135
      vertex -2341.628454385876 1200 -1500.543143760587
      vertex -2373.466572220361 1200 -1486.1676823422135
    endloop
  endfacet
  facet normal 0.5224985647159484 0 0.8526401643540925
    outer loop
      vertex -2466.054054314413 1150 -1437.1451340283852
      vertex -2466.054054314413 1200 -1437.1451340283852
      vertex -2495.839396016644 1150 -1418.8926531582408
    endloop
  endfacet
  facet normal 0.49545866843240904 0 0.8686315144381903
    outer loop
      vertex -2435.7100856011075 1150 -1454.4530282087762
      vertex -2435.7100856011075 1200 -1454.4530282087762
      vertex -2466.054054314413 1150 -1437.1451340283852
    endloop
  endfacet
  facet normal 0.46792981426057056 0 0.8837656300886949
    outer loop
      vertex -2435.7100856011075 1150 -1454.4530282087762
      vertex -2404.8374357103758 1200 -1470.799254897465
      vertex -2435.7100856011075 1200 -1454.4530282087762
    endloop
  endfacet
  facet normal 0.49545866843240904 0 0.8686315144381903
    outer loop
      vertex -2466.054054314413 1150 -1437.1451340283852
      vertex -2435.7100856011075 1200 -1454.4530282087762
      vertex -2466.054054314413 1200 -1437.1451340283852
    endloop
  endfacet
  facet normal 0.46792981426057056 0 0.8837656300886949
    outer loop
      vertex -2404.8374357103758 1150 -1470.799254897465
      vertex -2404.8374357103758 1200 -1470.799254897465
      vertex -2435.7100856011075 1150 -1454.4530282087762
    endloop
  endfacet
  facet normal 0.4399391698559147 0 0.8980275757606158
    outer loop
      vertex -2373.466572220361 1150 -1486.1676823422135
      vertex -2373.466572220361 1200 -1486.1676823422135
      vertex -2404.8374357103758 1150 -1470.799254897465
    endloop
  endfacet
  facet normal 0.4399391698559147 0 0.8980275757606158
    outer loop
      vertex -2373.466572220361 1200 -1486.1676823422135
      vertex -2404.8374357103758 1200 -1470.799254897465
      vertex -2404.8374357103758 1150 -1470.799254897465
    endloop
  endfacet
  facet normal 0.6959127965923201 0 0.7181262977631834
    outer loop
      vertex -2686.302740679441 1150 -1266.3027406794408
      vertex -2661.216381792702 1150 -1290.6131136926097
      vertex -2661.216381792702 1200 -1290.6131136926097
    endloop
  endfacet
  facet normal 0.649448048330183 0 0.7604059656000315
    outer loop
      vertex -2608.8154766005428 1150 -1336.8107259666776
      vertex -2608.8154766005428 1200 -1336.8107259666776
      vertex -2635.378794239901 1150 -1314.123509429071
    endloop
  endfacet
  facet normal 0.6730125135097662 0 0.7396310949786162
    outer loop
      vertex -2661.216381792702 1150 -1290.6131136926097
      vertex -2635.378794239901 1150 -1314.123509429071
      vertex -2635.378794239901 1200 -1314.123509429071
    endloop
  endfacet
  facet normal 0.649448048330183 0 0.7604059656000315
    outer loop
      vertex -2635.378794239901 1150 -1314.123509429071
      vertex -2608.8154766005428 1200 -1336.8107259666776
      vertex -2635.378794239901 1200 -1314.123509429071
    endloop
  endfacet
  facet normal 0.6730125135097662 0 0.7396310949786162
    outer loop
      vertex -2661.216381792702 1150 -1290.6131136926097
      vertex -2635.378794239901 1200 -1314.123509429071
      vertex -2661.216381792702 1200 -1290.6131136926097
    endloop
  endfacet
  facet normal 0.7604059656000288 0 0.6494480483301862
    outer loop
      vertex -2756.8107259666776 1150 -1188.815476600543
      vertex -2734.123509429071 1150 -1215.3787942399008
      vertex -2734.123509429071 1200 -1215.3787942399008
    endloop
  endfacet
  facet normal 0.7396310949786133 0 0.6730125135097694
    outer loop
      vertex -2734.123509429071 1150 -1215.3787942399008
      vertex -2710.6131136926097 1200 -1241.216381792702
      vertex -2734.123509429071 1200 -1215.3787942399008
    endloop
  endfacet
  facet normal 0.7996846584870871 0 0.6004202253258886
    outer loop
      vertex -2799.6268977449417 1150 -1133.6172005492301
      vertex -2778.6523737617676 1150 -1161.5526436621099
      vertex -2778.6523737617676 1200 -1161.5526436621099
    endloop
  endfacet
  facet normal 0.7996846584870871 0 0.6004202253258886
    outer loop
      vertex -2799.6268977449417 1150 -1133.6172005492301
      vertex -2778.6523737617676 1200 -1161.5526436621099
      vertex -2799.6268977449417 1200 -1133.6172005492301
    endloop
  endfacet
  facet normal 0.7804304073383307 0 0.625242656335704
    outer loop
      vertex -2756.8107259666776 1150 -1188.815476600543
      vertex -2756.8107259666776 1200 -1188.815476600543
      vertex -2778.6523737617676 1150 -1161.5526436621099
    endloop
  endfacet
  facet normal 0.7804304073383307 0 0.625242656335704
    outer loop
      vertex -2778.6523737617676 1150 -1161.5526436621099
      vertex -2756.8107259666776 1200 -1188.815476600543
      vertex -2778.6523737617676 1200 -1161.5526436621099
    endloop
  endfacet
  facet normal 0.7604059656000288 0 0.6494480483301862
    outer loop
      vertex -2756.8107259666776 1150 -1188.815476600543
      vertex -2734.123509429071 1200 -1215.3787942399008
      vertex -2756.8107259666776 1200 -1188.815476600543
    endloop
  endfacet
  facet normal 0.7181262977631865 0 0.6959127965923168
    outer loop
      vertex -2710.6131136926097 1150 -1241.216381792702
      vertex -2686.302740679441 1150 -1266.3027406794408
      vertex -2686.302740679441 1200 -1266.3027406794408
    endloop
  endfacet
  facet normal 0.7396310949786133 0 0.6730125135097694
    outer loop
      vertex -2710.6131136926097 1150 -1241.216381792702
      vertex -2710.6131136926097 1200 -1241.216381792702
      vertex -2734.123509429071 1150 -1215.3787942399008
    endloop
  endfacet
  facet normal 0.7181262977631865 0 0.6959127965923168
    outer loop
      vertex -2710.6131136926097 1150 -1241.216381792702
      vertex -2686.302740679441 1200 -1266.3027406794408
      vertex -2710.6131136926097 1200 -1241.216381792702
    endloop
  endfacet
  facet normal 0.6959127965923201 0 0.7181262977631834
    outer loop
      vertex -2686.302740679441 1150 -1266.3027406794408
      vertex -2661.216381792702 1200 -1290.6131136926097
      vertex -2686.302740679441 1200 -1266.3027406794408
    endloop
  endfacet
  facet normal 0.6252426563357072 0 0.7804304073383281
    outer loop
      vertex -2581.55264366211 1150 -1358.6523737617676
      vertex -2581.55264366211 1200 -1358.6523737617676
      vertex -2608.8154766005428 1150 -1336.8107259666776
    endloop
  endfacet
  facet normal 0.6004202253258812 0 0.7996846584870926
    outer loop
      vertex -2553.61720054923 1150 -1379.6268977449415
      vertex -2553.61720054923 1200 -1379.6268977449415
      vertex -2581.55264366211 1150 -1358.6523737617676
    endloop
  endfacet
  facet normal 0.5750052520432852 0 0.8181497174250187
    outer loop
      vertex -2553.61720054923 1150 -1379.6268977449415
      vertex -2525.0367161715694 1200 -1399.7135985933128
      vertex -2553.61720054923 1200 -1379.6268977449415
    endloop
  endfacet
  facet normal 0.6004202253258812 0 0.7996846584870926
    outer loop
      vertex -2581.55264366211 1150 -1358.6523737617676
      vertex -2553.61720054923 1200 -1379.6268977449415
      vertex -2581.55264366211 1200 -1358.6523737617676
    endloop
  endfacet
  facet normal 0.5750052520432852 0 0.8181497174250187
    outer loop
      vertex -2553.61720054923 1150 -1379.6268977449415
      vertex -2525.0367161715694 1150 -1399.7135985933128
      vertex -2525.0367161715694 1200 -1399.7135985933128
    endloop
  endfacet
  facet normal 0.5490228179981272 0 0.8358073613682733
    outer loop
      vertex -2525.0367161715694 1150 -1399.7135985933128
      vertex -2495.839396016644 1150 -1418.8926531582408
      vertex -2495.839396016644 1200 -1418.8926531582408
    endloop
  endfacet
  facet normal 0.5490228179981272 0 0.8358073613682733
    outer loop
      vertex -2525.0367161715694 1150 -1399.7135985933128
      vertex -2495.839396016644 1200 -1418.8926531582408
      vertex -2525.0367161715694 1200 -1399.7135985933128
    endloop
  endfacet
  facet normal 0.6252426563357072 0 0.7804304073383281
    outer loop
      vertex -2581.55264366211 1200 -1358.6523737617676
      vertex -2608.8154766005428 1200 -1336.8107259666776
      vertex -2608.8154766005428 1150 -1336.8107259666776
    endloop
  endfacet
  facet normal -1 0 0
    outer loop
      vertex -4295 1200 2270
      vertex -4295 1200 -2270
      vertex -4295 1150 -2270
    endloop
  endfacet
  facet normal 0 1 0
    outer loop
      vertex -3009.805722012238 1200 -549.8230577165965
      vertex -3007.064904638625 1200 -584.648444410188
      vertex -4295 1200 -2270
    endloop
  endfacet
  facet normal 0 1 0
    outer loop
      vertex -3011.4512951266934 1200 -514.9287640948787
      vertex -3009.805722012238 1200 -549.8230577165965
      vertex -4295 1200 -2270
    endloop
  endfacet
  facet normal 0 1 0
    outer loop
      vertex -3012 1200 -480
      vertex -3011.4512951266934 1200 -514.9287640948787
      vertex -4295 1200 -2270
    endloop
  endfacet
  facet normal 0 1 0
    outer loop
      vertex -3011.4512951266934 1200 -445.0712359051211
      vertex -3012 1200 -480
      vertex -4295 1200 -2270
    endloop
  endfacet
  facet normal 0 1 0
    outer loop
      vertex -3009.805722012238 1200 -410.1769422834031
      vertex -3011.4512951266934 1200 -445.0712359051211
      vertex -4295 1200 -2270
    endloop
  endfacet
  facet normal 0 1 0
    outer loop
      vertex -3007.064904638625 1200 -375.3515555898125
      vertex -3009.805722012238 1200 -410.1769422834031
      vertex -4295 1200 -2270
    endloop
  endfacet
  facet normal 0 1 0
    outer loop
      vertex -3003.2315478616993 1200 -340.62944427649387
      vertex -3007.064904638625 1200 -375.3515555898125
      vertex -4295 1200 -2270
    endloop
  endfacet
  facet normal 0 1 0
    outer loop
      vertex -2998.309434741793 1200 -306.0448748752633
      vertex -3003.2315478616993 1200 -340.62944427649387
      vertex -4295 1200 -2270
    endloop
  endfacet
  facet normal 0 1 0
    outer loop
      vertex -2992.3034228103015 1200 -271.63197818067397
      vertex -2998.309434741793 1200 -306.0448748752633
      vertex -4295 1200 -2270
    endloop
  endfacet
  facet normal 0 1 0
    outer loop
      vertex -2985.219439275887 1200 -237.42471556704427
      vertex -2992.3034228103015 1200 -271.63197818067397
      vertex -4295 1200 -2270
    endloop
  endfacet
  facet normal 0 1 0
    outer loop
      vertex -2977.064475175038 1200 -203.4568454726819
      vertex -2985.219439275887 1200 -237.42471556704427
      vertex -4295 1200 -2270
    endloop
  endfacet
  facet normal 0 1 0
    outer loop
      vertex -2967.8465784727605 1200 -169.76189008437728
      vertex -2977.064475175038 1200 -203.4568454726819
      vertex -4295 1200 -2270
    endloop
  endfacet
  facet normal 0 1 0
    outer loop
      vertex -2957.5748461202106 1200 -136.37310225505848
      vertex -2967.8465784727605 1200 -169.76189008437728
      vertex -4295 1200 -2270
    endloop
  endfacet
  facet normal 0 1 0
    outer loop
      vertex -2946.2594150770988 1200 -103.32343268723577
      vertex -2957.5748461202106 1200 -136.37310225505848
      vertex -4295 1200 -2270
    endloop
  endfacet
  facet normal 0 -1 0
    outer loop
      vertex -4295 1150 2270
      vertex -4295 1150 -2270
      vertex -2985.2194392758875 1150 -722.5752844329553
    endloop
  endfacet
  facet normal 0 1 0
    outer loop
      vertex -4295 1200 2270
      vertex -2946.2594150770988 1200 -103.32343268723577
      vertex -4295 1200 -2270
    endloop
  endfacet
  facet normal 0.8526401643540972 0 0.5224985647159407
    outer loop
      vertex -2857.145134028385 1150 -1046.054054314413
      vertex -2838.892653158241 1150 -1075.8393960166443
      vertex -2838.892653158241 1200 -1075.8393960166443
    endloop
  endfacet
  facet normal 0.8686315144381903 0 0.49545866843240904
    outer loop
      vertex -2857.145134028385 1150 -1046.054054314413
      vertex -2857.145134028385 1200 -1046.054054314413
      vertex -2874.4530282087762 1150 -1015.7100856011075
    endloop
  endfacet
  facet normal 0.8837656300886907 0 0.4679298142605783
    outer loop
      vertex -2890.7992548974653 1150 -984.837435710376
      vertex -2874.4530282087762 1150 -1015.7100856011075
      vertex -2874.4530282087762 1200 -1015.7100856011075
    endloop
  endfacet
  facet normal 0.8526401643540972 0 0.5224985647159407
    outer loop
      vertex -2857.145134028385 1150 -1046.054054314413
      vertex -2838.892653158241 1200 -1075.8393960166443
      vertex -2857.145134028385 1200 -1046.054054314413
    endloop
  endfacet
  facet normal 0.8837656300886907 0 0.4679298142605783
    outer loop
      vertex -2890.7992548974653 1150 -984.837435710376
      vertex -2874.4530282087762 1200 -1015.7100856011075
      vertex -2890.7992548974653 1200 -984.837435710376
    endloop
  endfacet
  facet normal 0.8686315144381903 0 0.49545866843240904
    outer loop
      vertex -2874.4530282087762 1150 -1015.7100856011075
      vertex -2857.145134028385 1200 -1046.054054314413
      vertex -2874.4530282087762 1200 -1015.7100856011075
    endloop
  endfacet
  facet normal 0.9114032766354478 0 0.41151435860510305
    outer loop
      vertex -2920.543143760587 1150 -921.628454385876
      vertex -2906.167682342214 1150 -953.4665722203608
      vertex -2906.167682342214 1200 -953.4665722203608
    endloop
  endfacet
  facet normal 0.9114032766354478 0 0.41151435860510305
    outer loop
      vertex -2920.543143760587 1150 -921.628454385876
      vertex -2906.167682342214 1200 -953.4665722203608
      vertex -2920.543143760587 1200 -921.628454385876
    endloop
  endfacet
  facet normal 0.8980275757606144 0 0.43993916985591736
    outer loop
      vertex -2906.167682342214 1150 -953.4665722203608
      vertex -2890.7992548974653 1150 -984.837435710376
      vertex -2890.7992548974653 1200 -984.837435710376
    endloop
  endfacet
  facet normal 0.8980275757606144 0 0.43993916985591736
    outer loop
      vertex -2906.167682342214 1150 -953.4665722203608
      vertex -2890.7992548974653 1200 -984.837435710376
      vertex -2906.167682342214 1200 -953.4665722203608
    endloop
  endfacet
  facet normal 0.9238795325112877 0 0.38268343236508745
    outer loop
      vertex -2920.543143760587 1150 -921.628454385876
      vertex -2920.543143760587 1200 -921.628454385876
      vertex -2933.9114523077355 1150 -889.3545025853618
    endloop
  endfacet
  facet normal 0.9354440308298665 0 0.3534748437792595
    outer loop
      vertex -2946.2594150770988 1150 -856.6765673127641
      vertex -2933.9114523077355 1150 -889.3545025853618
      vertex -2933.9114523077355 1200 -889.3545025853618
    endloop
  endfacet
  facet normal 0.9238795325112877 0 0.38268343236508745
    outer loop
      vertex -2933.9114523077355 1150 -889.3545025853618
      vertex -2920.543143760587 1200 -921.628454385876
      vertex -2933.9114523077355 1200 -889.3545025853618
    endloop
  endfacet
  facet normal 0.9354440308298665 0 0.3534748437792595
    outer loop
      vertex -2946.2594150770988 1150 -856.6765673127641
      vertex -2933.9114523077355 1200 -889.3545025853618
      vertex -2946.2594150770988 1200 -856.6765673127641
    endloop
  endfacet
  facet normal 0.9557930147983303 0 0.29404032523230306
    outer loop
      vertex -2967.8465784727605 1150 -790.238109915623
      vertex -2957.5748461202106 1200 -823.6268977449415
      vertex -2967.8465784727605 1200 -790.238109915623
    endloop
  endfacet
  facet normal 0.9645574184577965 0 0.26387304996537886
    outer loop
      vertex -2977.064475175038 1150 -756.5431545273185
      vertex -2967.8465784727605 1150 -790.238109915623
      vertex -2967.8465784727605 1200 -790.238109915623
    endloop
  endfacet
  facet normal 0.9723699203976746 0 0.23344536385591375
    outer loop
      vertex -2977.064475175038 1150 -756.5431545273185
      vertex -2977.064475175038 1200 -756.5431545273185
      vertex -2985.2194392758875 1150 -722.5752844329553
    endloop
  endfacet
  facet normal 0.9792228106217693 0 0.2027872953564953
    outer loop
      vertex -2992.3034228103015 1150 -688.3680218193258
      vertex -2985.2194392758875 1150 -722.5752844329553
      vertex -2985.2194392758875 1200 -722.5752844329553
    endloop
  endfacet
  facet normal 0.9645574184577965 0 0.26387304996537886
    outer loop
      vertex -2977.064475175038 1150 -756.5431545273185
      vertex -2967.8465784727605 1200 -790.238109915623
      vertex -2977.064475175038 1200 -756.5431545273185
    endloop
  endfacet
  facet normal 0.9723699203976746 0 0.23344536385591375
    outer loop
      vertex -2985.2194392758875 1150 -722.5752844329553
      vertex -2977.064475175038 1200 -756.5431545273185
      vertex -2985.2194392758875 1200 -722.5752844329553
    endloop
  endfacet
  facet normal 0.9460853588275471 0 0.32391741819814396
    outer loop
      vertex -2957.5748461202106 1150 -823.6268977449415
      vertex -2946.2594150770988 1150 -856.6765673127641
      vertex -2946.2594150770988 1200 -856.6765673127641
    endloop
  endfacet
  facet normal 0.9557930147983303 0 0.29404032523230306
    outer loop
      vertex -2967.8465784727605 1150 -790.238109915623
      vertex -2957.5748461202106 1150 -823.6268977449415
      vertex -2957.5748461202106 1200 -823.6268977449415
    endloop
  endfacet
  facet normal 0.9460853588275471 0 0.32391741819814396
    outer loop
      vertex -2957.5748461202106 1150 -823.6268977449415
      vertex -2946.2594150770988 1200 -856.6765673127641
      vertex -2957.5748461202106 1200 -823.6268977449415
    endloop
  endfacet
  facet normal 0.9851093261547722 0 0.17192910027941893
    outer loop
      vertex -2998.309434741793 1150 -653.9551251247367
      vertex -2992.3034228103015 1150 -688.3680218193258
      vertex -2992.3034228103015 1200 -688.3680218193258
    endloop
  endfacet
  facet normal 0.9900236577165582 0 0.14090123193757842
    outer loop
      vertex -3003.2315478616993 1150 -619.3705557235063
      vertex -2998.309434741793 1150 -653.9551251247367
      vertex -2998.309434741793 1200 -653.9551251247367
    endloop
  endfacet
  facet normal 0.9792228106217693 0 0.2027872953564953
    outer loop
      vertex -2992.3034228103015 1150 -688.3680218193258
      vertex -2985.2194392758875 1200 -722.5752844329553
      vertex -2992.3034228103015 1200 -688.3680218193258
    endloop
  endfacet
  facet normal 0.9851093261547722 0 0.17192910027941893
    outer loop
      vertex -2998.309434741793 1150 -653.9551251247367
      vertex -2992.3034228103015 1200 -688.3680218193258
      vertex -2998.309434741793 1200 -653.9551251247367
    endloop
  endfacet
  facet normal 0.9939609554551787 0 0.10973431109105426
    outer loop
      vertex -3007.064904638625 1150 -584.648444410188
      vertex -3003.2315478616993 1150 -619.3705557235063
      vertex -3003.2315478616993 1200 -619.3705557235063
    endloop
  endfacet
  facet normal 0.996917333733128 0 0.07845909572784565
    outer loop
      vertex -3009.805722012238 1150 -549.8230577165965
      vertex -3007.064904638625 1150 -584.648444410188
      vertex -3007.064904638625 1200 -584.648444410188
    endloop
  endfacet
  facet normal 0.9900236577165582 0 0.14090123193757842
    outer loop
      vertex -3003.2315478616993 1150 -619.3705557235063
      vertex -2998.309434741793 1200 -653.9551251247367
      vertex -3003.2315478616993 1200 -619.3705557235063
    endloop
  endfacet
  facet normal 0.9939609554551787 0 0.10973431109105426
    outer loop
      vertex -3007.064904638625 1150 -584.648444410188
      vertex -3003.2315478616993 1200 -619.3705557235063
      vertex -3007.064904638625 1200 -584.648444410188
    endloop
  endfacet
  facet normal 0.8181497174250261 0 0.5750052520432748
    outer loop
      vertex -2799.6268977449417 1150 -1133.6172005492301
      vertex -2799.6268977449417 1200 -1133.6172005492301
      vertex -2819.713598593313 1150 -1105.0367161715692
    endloop
  endfacet
  facet normal 0.8358073613682664 0 0.5490228179981377
    outer loop
      vertex -2838.892653158241 1150 -1075.8393960166443
      vertex -2819.713598593313 1150 -1105.0367161715692
      vertex -2819.713598593313 1200 -1105.0367161715692
    endloop
  endfacet
  facet normal 0.8181497174250261 0 0.5750052520432748
    outer loop
      vertex -2799.6268977449417 1200 -1133.6172005492301
      vertex -2819.713598593313 1200 -1105.0367161715692
      vertex -2819.713598593313 1150 -1105.0367161715692
    endloop
  endfacet
  facet normal 0.8358073613682664 0 0.5490228179981377
    outer loop
      vertex -2838.892653158241 1150 -1075.8393960166443
      vertex -2819.713598593313 1200 -1105.0367161715692
      vertex -2838.892653158241 1200 -1075.8393960166443
    endloop
  endfacet
  facet normal 0.9988898749619705 0 0.047106450709632174
    outer loop
      vertex -3011.4512951266934 1150 -514.9287640948787
      vertex -3009.805722012238 1150 -549.8230577165965
      vertex -3009.805722012238 1200 -549.8230577165965
    endloop
  endfacet
  facet normal 0.9998766324816605 0 0.015707317311824214
    outer loop
      vertex -3012 1150 -480
      vertex -3011.4512951266934 1150 -514.9287640948787
      vertex -3011.4512951266934 1200 -514.9287640948787
    endloop
  endfacet
  facet normal 0.996917333733128 0 0.07845909572784565
    outer loop
      vertex -3009.805722012238 1150 -549.8230577165965
      vertex -3007.064904638625 1200 -584.648444410188
      vertex -3009.805722012238 1200 -549.8230577165965
    endloop
  endfacet
  facet normal 0.9988898749619705 0 0.047106450709632174
    outer loop
      vertex -3011.4512951266934 1150 -514.9287640948787
      vertex -3009.805722012238 1200 -549.8230577165965
      vertex -3011.4512951266934 1200 -514.9287640948787
    endloop
  endfacet
  facet normal 0.9998766324816605 0 -0.015707317311824138
    outer loop
      vertex -3011.4512951266934 1150 -445.0712359051211
      vertex -3012 1150 -480
      vertex -3012 1200 -480
    endloop
  endfacet
  facet normal 0.9988898749619705 0 -0.04710645070963187
    outer loop
      vertex -3009.805722012238 1150 -410.1769422834031
      vertex -3011.4512951266934 1150 -445.0712359051211
      vertex -3011.4512951266934 1200 -445.0712359051211
    endloop
  endfacet
  facet normal 0.9998766324816605 0 0.015707317311824214
    outer loop
      vertex -3012 1150 -480
      vertex -3011.4512951266934 1200 -514.9287640948787
      vertex -3012 1200 -480
    endloop
  endfacet
  facet normal 0.9998766324816605 0 -0.015707317311824138
    outer loop
      vertex -3011.4512951266934 1150 -445.0712359051211
      vertex -3012 1200 -480
      vertex -3011.4512951266934 1200 -445.0712359051211
    endloop
  endfacet
  facet normal 0.9969173337331277 0 -0.07845909572784755
    outer loop
      vertex -3007.064904638625 1150 -375.3515555898125
      vertex -3009.805722012238 1150 -410.1769422834031
      vertex -3009.805722012238 1200 -410.1769422834031
    endloop
  endfacet
  facet normal 0.9939609554551788 0 -0.10973431109105337
    outer loop
      vertex -3003.2315478616993 1150 -340.62944427649387
      vertex -3007.064904638625 1150 -375.3515555898125
      vertex -3007.064904638625 1200 -375.3515555898125
    endloop
  endfacet
  facet normal 0.9988898749619705 0 -0.04710645070963187
    outer loop
      vertex -3009.805722012238 1150 -410.1769422834031
      vertex -3011.4512951266934 1200 -445.0712359051211
      vertex -3009.805722012238 1200 -410.1769422834031
    endloop
  endfacet
  facet normal 0.9969173337331277 0 -0.07845909572784755
    outer loop
      vertex -3007.064904638625 1150 -375.3515555898125
      vertex -3009.805722012238 1200 -410.1769422834031
      vertex -3007.064904638625 1200 -375.3515555898125
    endloop
  endfacet
  facet normal 0.9900236577165582 0 -0.14090123193757773
    outer loop
      vertex -2998.309434741793 1150 -306.0448748752633
      vertex -3003.2315478616993 1150 -340.62944427649387
      vertex -3003.2315478616993 1200 -340.62944427649387
    endloop
  endfacet
  facet normal 0.9851093261547724 0 -0.17192910027941785
    outer loop
      vertex -2992.3034228103015 1150 -271.63197818067397
      vertex -2998.309434741793 1150 -306.0448748752633
      vertex -2998.309434741793 1200 -306.0448748752633
    endloop
  endfacet
  facet normal 0.9939609554551788 0 -0.10973431109105337
    outer loop
      vertex -3003.2315478616993 1150 -340.62944427649387
      vertex -3007.064904638625 1200 -375.3515555898125
      vertex -3003.2315478616993 1200 -340.62944427649387
    endloop
  endfacet
  facet normal 0.9900236577165582 0 -0.14090123193757773
    outer loop
      vertex -2998.309434741793 1150 -306.0448748752633
      vertex -3003.2315478616993 1200 -340.62944427649387
      vertex -2998.309434741793 1200 -306.0448748752633
    endloop
  endfacet
  facet normal 0.979222810621767 0 -0.20278729535650666
    outer loop
      vertex -2985.219439275887 1150 -237.42471556704427
      vertex -2992.3034228103015 1150 -271.63197818067397
      vertex -2992.3034228103015 1200 -271.63197818067397
    endloop
  endfacet
  facet normal 0.9723699203976762 0 -0.23344536385590678
    outer loop
      vertex -2977.064475175038 1150 -203.4568454726819
      vertex -2985.219439275887 1150 -237.42471556704427
      vertex -2985.219439275887 1200 -237.42471556704427
    endloop
  endfacet
  facet normal 0.9851093261547724 0 -0.17192910027941785
    outer loop
      vertex -2992.3034228103015 1150 -271.63197818067397
      vertex -2998.309434741793 1200 -306.0448748752633
      vertex -2992.3034228103015 1200 -271.63197818067397
    endloop
  endfacet
  facet normal 0.979222810621767 0 -0.20278729535650666
    outer loop
      vertex -2985.219439275887 1150 -237.42471556704427
      vertex -2992.3034228103015 1200 -271.63197818067397
      vertex -2985.219439275887 1200 -237.42471556704427
    endloop
  endfacet
  facet normal 0.9723699203976762 0 -0.23344536385590678
    outer loop
      vertex -2977.064475175038 1150 -203.4568454726819
      vertex -2985.219439275887 1200 -237.42471556704427
      vertex -2977.064475175038 1200 -203.4568454726819
    endloop
  endfacet
  facet normal 0.9645574184577967 0 -0.263873049965378
    outer loop
      vertex -2967.8465784727605 1150 -169.76189008437728
      vertex -2977.064475175038 1150 -203.4568454726819
      vertex -2977.064475175038 1200 -203.4568454726819
    endloop
  endfacet
  facet normal 0.9557930147983311 0 -0.2940403252323008
    outer loop
      vertex -2957.5748461202106 1150 -136.37310225505848
      vertex -2967.8465784727605 1150 -169.76189008437728
      vertex -2967.8465784727605 1200 -169.76189008437728
    endloop
  endfacet
  facet normal 0.9645574184577967 0 -0.263873049965378
    outer loop
      vertex -2967.8465784727605 1150 -169.76189008437728
      vertex -2977.064475175038 1200 -203.4568454726819
      vertex -2967.8465784727605 1200 -169.76189008437728
    endloop
  endfacet
  facet normal 0.9557930147983311 0 -0.2940403252323008
    outer loop
      vertex -2957.5748461202106 1150 -136.37310225505848
      vertex -2967.8465784727605 1200 -169.76189008437728
      vertex -2957.5748461202106 1200 -136.37310225505848
    endloop
  endfacet
  facet normal 0.9460853588275477 0 -0.32391741819814246
    outer loop
      vertex -2946.2594150770988 1150 -103.32343268723577
      vertex -2957.5748461202106 1150 -136.37310225505848
      vertex -2957.5748461202106 1200 -136.37310225505848
    endloop
  endfacet
  facet normal 0.9354440308298634 0 -0.35347484377926763
    outer loop
      vertex -2933.911452307735 1150 -70.64549741463765
      vertex -2946.2594150770988 1150 -103.32343268723577
      vertex -2946.2594150770988 1200 -103.32343268723577
    endloop
  endfacet
  facet normal 0.9460853588275477 0 -0.32391741819814246
    outer loop
      vertex -2946.2594150770988 1150 -103.32343268723577
      vertex -2957.5748461202106 1200 -136.37310225505848
      vertex -2946.2594150770988 1200 -103.32343268723577
    endloop
  endfacet
  facet normal 0.9354440308298634 0 -0.35347484377926763
    outer loop
      vertex -2933.911452307735 1150 -70.64549741463765
      vertex -2946.2594150770988 1200 -103.32343268723577
      vertex -2933.911452307735 1200 -70.64549741463765
    endloop
  endfacet
  facet normal 0.9238795325112887 0 -0.382683432365085
    outer loop
      vertex -2920.543143760587 1150 -38.37154561412433
      vertex -2933.911452307735 1150 -70.64549741463765
      vertex -2933.911452307735 1200 -70.64549741463765
    endloop
  endfacet
  facet normal 0.9114032766354481 0 -0.4115143586051024
    outer loop
      vertex -2906.167682342214 1150 -6.533427779639453
      vertex -2920.543143760587 1150 -38.37154561412433
      vertex -2920.543143760587 1200 -38.37154561412433
    endloop
  endfacet
  facet normal 0.9238795325112887 0 -0.382683432365085
    outer loop
      vertex -2920.543143760587 1150 -38.37154561412433
      vertex -2933.911452307735 1200 -70.64549741463765
      vertex -2920.543143760587 1200 -38.37154561412433
    endloop
  endfacet
  facet normal 0.9114032766354481 0 -0.4115143586051024
    outer loop
      vertex -2906.167682342214 1150 -6.533427779639453
      vertex -2920.543143760587 1200 -38.37154561412433
      vertex -2906.167682342214 1200 -6.533427779639453
    endloop
  endfacet
  facet normal -1 0 0
    outer loop
      vertex -4295 2200 2270
      vertex -4295 2200 -2270
      vertex -4295 2150 -2270
    endloop
  endfacet
  facet normal 0 -1 0
    outer loop
      vertex -4295 2150 -2270
      vertex -1650 2150 1040
      vertex -2250 2150 1040
    endloop
  endfacet
  facet normal 0 0 -1
    outer loop
      vertex 2450 1200 -2270
      vertex -4295 1150 -2270
      vertex -4295 1200 -2270
    endloop
  endfacet
  facet normal 0.2334453638559076 0 0.9723699203976761
    outer loop
      vertex -2176.5431545273186 1150 -1557.0644751750378
      vertex -2142.5752844329554 1150 -1565.2194392758872
      vertex -2142.5752844329554 1200 -1565.2194392758872
    endloop
  endfacet
  facet normal 0.20278729535650716 0 0.979222810621767
    outer loop
      vertex -2108.368021819326 1150 -1572.3034228103018
      vertex -2108.368021819326 1200 -1572.3034228103018
      vertex -2142.5752844329554 1150 -1565.2194392758872
    endloop
  endfacet
  facet normal 0.20278729535650716 0 0.979222810621767
    outer loop
      vertex -2142.5752844329554 1150 -1565.2194392758872
      vertex -2108.368021819326 1200 -1572.3034228103018
      vertex -2142.5752844329554 1200 -1565.2194392758872
    endloop
  endfacet
  facet normal 0.4115143586051138 0 0.9114032766354428
    outer loop
      vertex -2373.466572220361 1150 -1486.1676823422135
      vertex -2341.628454385876 1150 -1500.543143760587
      vertex -2341.628454385876 1200 -1500.543143760587
    endloop
  endfacet
  facet normal 0.38268343236508745 0 0.9238795325112877
    outer loop
      vertex -2309.354502585362 1150 -1513.9114523077355
      vertex -2309.354502585362 1200 -1513.9114523077355
      vertex -2341.628454385876 1150 -1500.543143760587
    endloop
  endfacet
  facet normal 0.38268343236508745 0 0.9238795325112877
    outer loop
      vertex -2341.628454385876 1150 -1500.543143760587
      vertex -2309.354502585362 1200 -1513.9114523077355
      vertex -2341.628454385876 1200 -1500.543143760587
    endloop
  endfacet
  facet normal 0.3534748437792573 0 0.9354440308298673
    outer loop
      vertex -2309.354502585362 1150 -1513.9114523077355
      vertex -2276.676567312764 1200 -1526.2594150770988
      vertex -2309.354502585362 1200 -1513.9114523077355
    endloop
  endfacet
  facet normal 0.32391741819814795 0 0.9460853588275457
    outer loop
      vertex -2243.6268977449417 1150 -1537.5748461202106
      vertex -2243.6268977449417 1200 -1537.5748461202106
      vertex -2276.676567312764 1150 -1526.2594150770988
    endloop
  endfacet
  facet normal 0.3534748437792573 0 0.9354440308298673
    outer loop
      vertex -2276.676567312764 1150 -1526.2594150770988
      vertex -2276.676567312764 1200 -1526.2594150770988
      vertex -2309.354502585362 1150 -1513.9114523077355
    endloop
  endfacet
  facet normal 0.32391741819814795 0 0.9460853588275457
    outer loop
      vertex -2276.676567312764 1150 -1526.2594150770988
      vertex -2243.6268977449417 1200 -1537.5748461202106
      vertex -2276.676567312764 1200 -1526.2594150770988
    endloop
  endfacet
  facet normal 0.29404032523230533 0 0.9557930147983297
    outer loop
      vertex -2210.2381099156228 1150 -1547.8465784727607
      vertex -2210.2381099156228 1200 -1547.8465784727607
      vertex -2243.6268977449417 1150 -1537.5748461202106
    endloop
  endfacet
  facet normal 0.2638730499653753 0 0.9645574184577974
    outer loop
      vertex -2176.5431545273186 1150 -1557.0644751750378
      vertex -2176.5431545273186 1200 -1557.0644751750378
      vertex -2210.2381099156228 1150 -1547.8465784727607
    endloop
  endfacet
  facet normal 0.29404032523230533 0 0.9557930147983297
    outer loop
      vertex -2243.6268977449417 1150 -1537.5748461202106
      vertex -2210.2381099156228 1200 -1547.8465784727607
      vertex -2243.6268977449417 1200 -1537.5748461202106
    endloop
  endfacet
  facet normal 0.2638730499653753 0 0.9645574184577974
    outer loop
      vertex -2176.5431545273186 1200 -1557.0644751750378
      vertex -2210.2381099156228 1200 -1547.8465784727607
      vertex -2210.2381099156228 1150 -1547.8465784727607
    endloop
  endfacet
  facet normal 0.2334453638559076 0 0.9723699203976761
    outer loop
      vertex -2176.5431545273186 1150 -1557.0644751750378
      vertex -2142.5752844329554 1200 -1565.2194392758872
      vertex -2176.5431545273186 1200 -1557.0644751750378
    endloop
  endfacet
  facet normal 0.17192910027941263 0 0.9851093261547734
    outer loop
      vertex -2073.9551251247367 1150 -1578.3094347417932
      vertex -2073.9551251247367 1200 -1578.3094347417932
      vertex -2108.368021819326 1150 -1572.3034228103018
    endloop
  endfacet
  facet normal 0.17192910027941263 0 0.9851093261547734
    outer loop
      vertex -2108.368021819326 1150 -1572.3034228103018
      vertex -2073.9551251247367 1200 -1578.3094347417932
      vertex -2108.368021819326 1200 -1572.3034228103018
    endloop
  endfacet
  facet normal 0.14090123193758525 0 0.9900236577165572
    outer loop
      vertex -2073.9551251247367 1150 -1578.3094347417932
      vertex -2039.3705557235064 1200 -1583.2315478616995
      vertex -2073.9551251247367 1200 -1578.3094347417932
    endloop
  endfacet
  facet normal 0.14090123193758525 0 0.9900236577165572
    outer loop
      vertex -2039.3705557235064 1150 -1583.2315478616995
      vertex -2039.3705557235064 1200 -1583.2315478616995
      vertex -2073.9551251247367 1150 -1578.3094347417932
    endloop
  endfacet
  facet normal 0.10973431109104104 0 0.9939609554551802
    outer loop
      vertex -2004.648444410188 1150 -1587.064904638625
      vertex -2004.648444410188 1200 -1587.064904638625
      vertex -2039.3705557235064 1150 -1583.2315478616995
    endloop
  endfacet
  facet normal 0.10973431109104104 0 0.9939609554551802
    outer loop
      vertex -2039.3705557235064 1150 -1583.2315478616995
      vertex -2004.648444410188 1200 -1587.064904638625
      vertex -2039.3705557235064 1200 -1583.2315478616995
    endloop
  endfacet
  facet normal 0.07845909572784539 0 0.9969173337331279
    outer loop
      vertex -1969.8230577165964 1150 -1589.805722012238
      vertex -1969.8230577165964 1200 -1589.805722012238
      vertex -2004.648444410188 1150 -1587.064904638625
    endloop
  endfacet
  facet normal 0.047106450709645316 0 0.9988898749619699
    outer loop
      vertex -1934.9287640948787 1150 -1591.4512951266936
      vertex -1934.9287640948787 1200 -1591.4512951266936
      vertex -1969.8230577165964 1150 -1589.805722012238
    endloop
  endfacet
  facet normal 0.07845909572784539 0 0.9969173337331279
    outer loop
      vertex -1969.8230577165964 1200 -1589.805722012238
      vertex -2004.648444410188 1200 -1587.064904638625
      vertex -2004.648444410188 1150 -1587.064904638625
    endloop
  endfacet
  facet normal 0.047106450709645316 0 0.9988898749619699
    outer loop
      vertex -1969.8230577165964 1150 -1589.805722012238
      vertex -1934.9287640948787 1200 -1591.4512951266936
      vertex -1969.8230577165964 1200 -1589.805722012238
    endloop
  endfacet
  facet normal 0.01570731731181771 0 0.9998766324816607
    outer loop
      vertex -1900 1150 -1592
      vertex -1900 1200 -1592
      vertex -1934.9287640948787 1150 -1591.4512951266936
    endloop
  endfacet
  facet normal -0.01570731731181771 0 0.9998766324816607
    outer loop
      vertex -1865.0712359051213 1150 -1591.4512951266936
      vertex -1865.0712359051213 1200 -1591.4512951266936
      vertex -1900 1150 -1592
    endloop
  endfacet
  facet normal 0.01570731731181771 0 0.9998766324816607
    outer loop
      vertex -1934.9287640948787 1150 -1591.4512951266936
      vertex -1900 1200 -1592
      vertex -1934.9287640948787 1200 -1591.4512951266936
    endloop
  endfacet
  facet normal -0.01570731731181771 0 0.9998766324816607
    outer loop
      vertex -1900 1150 -1592
      vertex -1865.0712359051213 1200 -1591.4512951266936
      vertex -1900 1200 -1592
    endloop
  endfacet
  facet normal -0.047106450709645316 0 0.9988898749619699
    outer loop
      vertex -1830.1769422834036 1150 -1589.805722012238
      vertex -1830.1769422834036 1200 -1589.805722012238
      vertex -1865.0712359051213 1150 -1591.4512951266936
    endloop
  endfacet
  facet normal -0.047106450709645316 0 0.9988898749619699
    outer loop
      vertex -1865.0712359051213 1150 -1591.4512951266936
      vertex -1830.1769422834036 1200 -1589.805722012238
      vertex -1865.0712359051213 1200 -1591.4512951266936
    endloop
  endfacet
  facet normal -0.07845909572784539 0 0.9969173337331279
    outer loop
      vertex -1830.1769422834036 1150 -1589.805722012238
      vertex -1795.351555589812 1200 -1587.064904638625
      vertex -1830.1769422834036 1200 -1589.805722012238
    endloop
  endfacet
  facet normal -0.07845909572784539 0 0.9969173337331279
    outer loop
      vertex -1795.351555589812 1150 -1587.064904638625
      vertex -1795.351555589812 1200 -1587.064904638625
      vertex -1830.1769422834036 1150 -1589.805722012238
    endloop
  endfacet
  facet normal -0.10973431109104104 0 0.9939609554551802
    outer loop
      vertex -1760.6294442764936 1150 -1583.2315478616995
      vertex -1760.6294442764936 1200 -1583.2315478616995
      vertex -1795.351555589812 1150 -1587.064904638625
    endloop
  endfacet
  facet normal -0.10973431109104104 0 0.9939609554551802
    outer loop
      vertex -1760.6294442764936 1200 -1583.2315478616995
      vertex -1795.351555589812 1200 -1587.064904638625
      vertex -1795.351555589812 1150 -1587.064904638625
    endloop
  endfacet
  facet normal -0.14090123193758525 0 0.9900236577165572
    outer loop
      vertex -1726.0448748752633 1150 -1578.3094347417932
      vertex -1726.0448748752633 1200 -1578.3094347417932
      vertex -1760.6294442764936 1150 -1583.2315478616995
    endloop
  endfacet
  facet normal -0.17192910027941263 0 0.9851093261547734
    outer loop
      vertex -1691.6319781806742 1150 -1572.3034228103018
      vertex -1691.6319781806742 1200 -1572.3034228103018
      vertex -1726.0448748752633 1150 -1578.3094347417932
    endloop
  endfacet
  facet normal -0.14090123193758525 0 0.9900236577165572
    outer loop
      vertex -1760.6294442764936 1150 -1583.2315478616995
      vertex -1726.0448748752633 1200 -1578.3094347417932
      vertex -1760.6294442764936 1200 -1583.2315478616995
    endloop
  endfacet
  facet normal -0.17192910027941263 0 0.9851093261547734
    outer loop
      vertex -1726.0448748752633 1150 -1578.3094347417932
      vertex -1691.6319781806742 1200 -1572.3034228103018
      vertex -1726.0448748752633 1200 -1578.3094347417932
    endloop
  endfacet
  facet normal -0.20278729535650847 0 0.9792228106217666
    outer loop
      vertex -1657.4247155670448 1150 -1565.2194392758872
      vertex -1657.4247155670448 1200 -1565.2194392758872
      vertex -1691.6319781806742 1150 -1572.3034228103018
    endloop
  endfacet
  facet normal -0.20278729535650847 0 0.9792228106217666
    outer loop
      vertex -1691.6319781806742 1150 -1572.3034228103018
      vertex -1657.4247155670448 1200 -1565.2194392758872
      vertex -1691.6319781806742 1200 -1572.3034228103018
    endloop
  endfacet
  facet normal -0.2334453638559061 0 0.9723699203976763
    outer loop
      vertex -1657.4247155670448 1150 -1565.2194392758872
      vertex -1623.4568454726814 1200 -1557.0644751750378
      vertex -1657.4247155670448 1200 -1565.2194392758872
    endloop
  endfacet
  facet normal -0.2334453638559061 0 0.9723699203976763
    outer loop
      vertex -1623.4568454726814 1150 -1557.0644751750378
      vertex -1623.4568454726814 1200 -1557.0644751750378
      vertex -1657.4247155670448 1150 -1565.2194392758872
    endloop
  endfacet
  facet normal -0.26387304996537364 0 0.9645574184577979
    outer loop
      vertex -1589.761890084377 1150 -1547.8465784727607
      vertex -1589.761890084377 1200 -1547.8465784727607
      vertex -1623.4568454726814 1150 -1557.0644751750378
    endloop
  endfacet
  facet normal -0.26387304996537364 0 0.9645574184577979
    outer loop
      vertex -1623.4568454726814 1150 -1557.0644751750378
      vertex -1589.761890084377 1200 -1547.8465784727607
      vertex -1623.4568454726814 1200 -1557.0644751750378
    endloop
  endfacet
  facet normal -0.294040325232309 0 0.9557930147983285
    outer loop
      vertex -1589.761890084377 1150 -1547.8465784727607
      vertex -1556.3731022550585 1200 -1537.5748461202106
      vertex -1589.761890084377 1200 -1547.8465784727607
    endloop
  endfacet
  facet normal -0.294040325232309 0 0.9557930147983285
    outer loop
      vertex -1556.3731022550585 1150 -1537.5748461202106
      vertex -1556.3731022550585 1200 -1537.5748461202106
      vertex -1589.761890084377 1150 -1547.8465784727607
    endloop
  endfacet
  facet normal -0.32391741819814596 0 0.9460853588275465
    outer loop
      vertex -1523.3234326872362 1150 -1526.2594150770988
      vertex -1523.3234326872362 1200 -1526.2594150770988
      vertex -1556.3731022550585 1150 -1537.5748461202106
    endloop
  endfacet
  facet normal -0.32391741819814596 0 0.9460853588275465
    outer loop
      vertex -1523.3234326872362 1200 -1526.2594150770988
      vertex -1556.3731022550585 1200 -1537.5748461202106
      vertex -1556.3731022550585 1150 -1537.5748461202106
    endloop
  endfacet
  facet normal -0.3534748437792573 0 0.9354440308298673
    outer loop
      vertex -1523.3234326872362 1150 -1526.2594150770988
      vertex -1490.6454974146382 1200 -1513.9114523077355
      vertex -1523.3234326872362 1200 -1526.2594150770988
    endloop
  endfacet
  facet normal -0.3534748437792573 0 0.9354440308298673
    outer loop
      vertex -1490.6454974146382 1150 -1513.9114523077355
      vertex -1490.6454974146382 1200 -1513.9114523077355
      vertex -1523.3234326872362 1150 -1526.2594150770988
    endloop
  endfacet
  facet normal -0.3826834323650852 0 0.9238795325112886
    outer loop
      vertex -1458.3715456141238 1150 -1500.543143760587
      vertex -1458.3715456141238 1200 -1500.543143760587
      vertex -1490.6454974146382 1150 -1513.9114523077355
    endloop
  endfacet
  facet normal -0.3826834323650852 0 0.9238795325112886
    outer loop
      vertex -1490.6454974146382 1150 -1513.9114523077355
      vertex -1458.3715456141238 1200 -1500.543143760587
      vertex -1490.6454974146382 1200 -1513.9114523077355
    endloop
  endfacet
  facet normal -0.41151435860511626 0 0.9114032766354419
    outer loop
      vertex -1426.5334277796392 1150 -1486.1676823422135
      vertex -1426.5334277796392 1200 -1486.1676823422135
      vertex -1458.3715456141238 1150 -1500.543143760587
    endloop
  endfacet
  facet normal -0.41151435860511626 0 0.9114032766354419
    outer loop
      vertex -1458.3715456141238 1150 -1500.543143760587
      vertex -1426.5334277796392 1200 -1486.1676823422135
      vertex -1458.3715456141238 1200 -1500.543143760587
    endloop
  endfacet
  facet normal -0.4399391698559122 0 0.8980275757606172
    outer loop
      vertex -1395.162564289624 1150 -1470.799254897465
      vertex -1395.162564289624 1200 -1470.799254897465
      vertex -1426.5334277796392 1150 -1486.1676823422135
    endloop
  endfacet
  facet normal -0.4399391698559122 0 0.8980275757606172
    outer loop
      vertex -1426.5334277796392 1150 -1486.1676823422135
      vertex -1395.162564289624 1200 -1470.799254897465
      vertex -1426.5334277796392 1200 -1486.1676823422135
    endloop
  endfacet
  facet normal 0 -1 0
    outer loop
      vertex 2450 1150 -2270
      vertex -2073.9551251247367 1150 -1578.3094347417932
      vertex -4295 1150 -2270
    endloop
  endfacet
  facet normal 0 1 0
    outer loop
      vertex 2450 1200 -2270
      vertex -4295 1200 -2270
      vertex -2073.9551251247367 1200 -1578.3094347417932
    endloop
  endfacet
  facet normal 0 -1 0
    outer loop
      vertex 2450 1150 -2270
      vertex -2039.3705557235064 1150 -1583.2315478616995
      vertex -2073.9551251247367 1150 -1578.3094347417932
    endloop
  endfacet
  facet normal 0 -1 0
    outer loop
      vertex 2450 1150 -2270
      vertex -2004.648444410188 1150 -1587.064904638625
      vertex -2039.3705557235064 1150 -1583.2315478616995
    endloop
  endfacet
  facet normal 0 -1 0
    outer loop
      vertex 2450 1150 -2270
      vertex -1969.8230577165964 1150 -1589.805722012238
      vertex -2004.648444410188 1150 -1587.064904638625
    endloop
  endfacet
  facet normal 0 -1 0
    outer loop
      vertex 2450 1150 -2270
      vertex -1934.9287640948787 1150 -1591.4512951266936
      vertex -1969.8230577165964 1150 -1589.805722012238
    endloop
  endfacet
  facet normal 0 -1 0
    outer loop
      vertex 2450 1150 -2270
      vertex -1900 1150 -1592
      vertex -1934.9287640948787 1150 -1591.4512951266936
    endloop
  endfacet
  facet normal 0 -1 0
    outer loop
      vertex 2450 1150 -2270
      vertex -1865.0712359051213 1150 -1591.4512951266936
      vertex -1900 1150 -1592
    endloop
  endfacet
  facet normal 0 1 0
    outer loop
      vertex 2450 1200 -2270
      vertex -2073.9551251247367 1200 -1578.3094347417932
      vertex -2039.3705557235064 1200 -1583.2315478616995
    endloop
  endfacet
  facet normal 0 1 0
    outer loop
      vertex 2450 1200 -2270
      vertex -2039.3705557235064 1200 -1583.2315478616995
      vertex -2004.648444410188 1200 -1587.064904638625
    endloop
  endfacet
  facet normal 0 1 0
    outer loop
      vertex 2450 1200 -2270
      vertex -2004.648444410188 1200 -1587.064904638625
      vertex -1969.8230577165964 1200 -1589.805722012238
    endloop
  endfacet
  facet normal 0 1 0
    outer loop
      vertex 2450 1200 -2270
      vertex -1969.8230577165964 1200 -1589.805722012238
      vertex -1934.9287640948787 1200 -1591.4512951266936
    endloop
  endfacet
  facet normal 0 1 0
    outer loop
      vertex 2450 1200 -2270
      vertex -1934.9287640948787 1200 -1591.4512951266936
      vertex -1900 1200 -1592
    endloop
  endfacet
  facet normal 0 1 0
    outer loop
      vertex 2450 1200 -2270
      vertex -1900 1200 -1592
      vertex -1865.0712359051213 1200 -1591.4512951266936
    endloop
  endfacet
  facet normal -0.4679298142605759 0 0.883765630088692
    outer loop
      vertex -1364.2899143988927 1150 -1454.4530282087762
      vertex -1364.2899143988927 1200 -1454.4530282087762
      vertex -1395.162564289624 1150 -1470.799254897465
    endloop
  endfacet
  facet normal -0.4954586684324014 0 0.8686315144381949
    outer loop
      vertex -1333.945945685587 1150 -1437.1451340283854
      vertex -1333.945945685587 1200 -1437.1451340283854
      vertex -1364.2899143988927 1150 -1454.4530282087762
    endloop
  endfacet
  facet normal -0.4679298142605759 0 0.883765630088692
    outer loop
      vertex -1395.162564289624 1150 -1470.799254897465
      vertex -1364.2899143988927 1200 -1454.4530282087762
      vertex -1395.162564289624 1200 -1470.799254897465
    endloop
  endfacet
  facet normal -0.4954586684324014 0 0.8686315144381949
    outer loop
      vertex -1333.945945685587 1200 -1437.1451340283854
      vertex -1364.2899143988927 1200 -1454.4530282087762
      vertex -1364.2899143988927 1150 -1454.4530282087762
    endloop
  endfacet
  facet normal -0.522498564715952 0 0.8526401643540903
    outer loop
      vertex -1304.1606039833555 1150 -1418.8926531582406
      vertex -1304.1606039833555 1200 -1418.8926531582406
      vertex -1333.945945685587 1150 -1437.1451340283854
    endloop
  endfacet
  facet normal -0.522498564715952 0 0.8526401643540903
    outer loop
      vertex -1333.945945685587 1150 -1437.1451340283854
      vertex -1304.1606039833555 1200 -1418.8926531582406
      vertex -1333.945945685587 1200 -1437.1451340283854
    endloop
  endfacet
  facet normal -0.5490228179981316 0 0.8358073613682703
    outer loop
      vertex -1274.9632838284308 1150 -1399.7135985933128
      vertex -1274.9632838284308 1200 -1399.7135985933128
      vertex -1304.1606039833555 1150 -1418.8926531582406
    endloop
  endfacet
  facet normal -0.5490228179981316 0 0.8358073613682703
    outer loop
      vertex -1274.9632838284308 1200 -1399.7135985933128
      vertex -1304.1606039833555 1200 -1418.8926531582406
      vertex -1304.1606039833555 1150 -1418.8926531582406
    endloop
  endfacet
  facet normal -0.5750052520432791 0 0.8181497174250231
    outer loop
      vertex -1246.3827994507699 1150 -1379.6268977449415
      vertex -1246.3827994507699 1200 -1379.6268977449415
      vertex -1274.9632838284308 1150 -1399.7135985933128
    endloop
  endfacet
  facet normal -0.6004202253258843 0 0.7996846584870902
    outer loop
      vertex -1218.4473563378901 1150 -1358.6523737617676
      vertex -1218.4473563378901 1200 -1358.6523737617676
      vertex -1246.3827994507699 1150 -1379.6268977449415
    endloop
  endfacet
  facet normal -0.5750052520432791 0 0.8181497174250231
    outer loop
      vertex -1274.9632838284308 1150 -1399.7135985933128
      vertex -1246.3827994507699 1200 -1379.6268977449415
      vertex -1274.9632838284308 1200 -1399.7135985933128
    endloop
  endfacet
  facet normal -0.6004202253258843 0 0.7996846584870902
    outer loop
      vertex -1246.3827994507699 1150 -1379.6268977449415
      vertex -1218.4473563378901 1200 -1358.6523737617676
      vertex -1246.3827994507699 1200 -1379.6268977449415
    endloop
  endfacet
  facet normal -0.6252426563357072 0 0.7804304073383281
    outer loop
      vertex -1218.4473563378901 1150 -1358.6523737617676
      vertex -1191.1845233994572 1200 -1336.8107259666776
      vertex -1218.4473563378901 1200 -1358.6523737617676
    endloop
  endfacet
  facet normal -0.6252426563357072 0 0.7804304073383281
    outer loop
      vertex -1191.1845233994572 1150 -1336.8107259666776
      vertex -1191.1845233994572 1200 -1336.8107259666776
      vertex -1218.4473563378901 1150 -1358.6523737617676
    endloop
  endfacet
  facet normal -0.649448048330183 0 0.7604059656000315
    outer loop
      vertex -1164.6212057600992 1150 -1314.123509429071
      vertex -1164.6212057600992 1200 -1314.123509429071
      vertex -1191.1845233994572 1150 -1336.8107259666776
    endloop
  endfacet
  facet normal -0.649448048330183 0 0.7604059656000315
    outer loop
      vertex -1191.1845233994572 1150 -1336.8107259666776
      vertex -1164.6212057600992 1200 -1314.123509429071
      vertex -1191.1845233994572 1200 -1336.8107259666776
    endloop
  endfacet
  facet normal -0.6730125135097726 0 0.7396310949786103
    outer loop
      vertex -1164.6212057600992 1150 -1314.123509429071
      vertex -1138.7836182072983 1200 -1290.6131136926097
      vertex -1164.6212057600992 1200 -1314.123509429071
    endloop
  endfacet
  facet normal -0.6730125135097726 0 0.7396310949786103
    outer loop
      vertex -1138.7836182072983 1150 -1290.6131136926097
      vertex -1138.7836182072983 1200 -1290.6131136926097
      vertex -1164.6212057600992 1150 -1314.123509429071
    endloop
  endfacet
  facet normal -0.6959127965923135 0 0.7181262977631897
    outer loop
      vertex -1113.6972593205592 1200 -1266.3027406794408
      vertex -1138.7836182072983 1200 -1290.6131136926097
      vertex -1138.7836182072983 1150 -1290.6131136926097
    endloop
  endfacet
  facet normal -0.6959127965923135 0 0.7181262977631897
    outer loop
      vertex -1113.6972593205592 1150 -1266.3027406794408
      vertex -1113.6972593205592 1200 -1266.3027406794408
      vertex -1138.7836182072983 1150 -1290.6131136926097
    endloop
  endfacet
  facet normal -0.7181262977631897 0 0.6959127965923135
    outer loop
      vertex -1089.3868863073903 1150 -1241.2163817927017
      vertex -1089.3868863073903 1200 -1241.2163817927017
      vertex -1113.6972593205592 1150 -1266.3027406794408
    endloop
  endfacet
  facet normal -0.7181262977631897 0 0.6959127965923135
    outer loop
      vertex -1113.6972593205592 1150 -1266.3027406794408
      vertex -1089.3868863073903 1200 -1241.2163817927017
      vertex -1113.6972593205592 1200 -1266.3027406794408
    endloop
  endfacet
  facet normal -0.7396310949786103 0 0.6730125135097726
    outer loop
      vertex -1065.876490570929 1150 -1215.3787942399008
      vertex -1065.876490570929 1200 -1215.3787942399008
      vertex -1089.3868863073903 1150 -1241.2163817927017
    endloop
  endfacet
  facet normal -0.7396310949786103 0 0.6730125135097726
    outer loop
      vertex -1089.3868863073903 1150 -1241.2163817927017
      vertex -1065.876490570929 1200 -1215.3787942399008
      vertex -1089.3868863073903 1200 -1241.2163817927017
    endloop
  endfacet
  facet normal -0.7604059656000315 0 0.649448048330183
    outer loop
      vertex -1065.876490570929 1150 -1215.3787942399008
      vertex -1043.1892740333224 1200 -1188.8154766005428
      vertex -1065.876490570929 1200 -1215.3787942399008
    endloop
  endfacet
  facet normal -0.7604059656000315 0 0.649448048330183
    outer loop
      vertex -1043.1892740333224 1150 -1188.8154766005428
      vertex -1043.1892740333224 1200 -1188.8154766005428
      vertex -1065.876490570929 1150 -1215.3787942399008
    endloop
  endfacet
  facet normal -0.7804304073383272 0 0.6252426563357084
    outer loop
      vertex -1021.3476262382325 1150 -1161.55264366211
      vertex -1021.3476262382325 1200 -1161.55264366211
      vertex -1043.1892740333224 1150 -1188.8154766005428
    endloop
  endfacet
  facet normal -0.7804304073383272 0 0.6252426563357084
    outer loop
      vertex -1043.1892740333224 1150 -1188.8154766005428
      vertex -1021.3476262382325 1200 -1161.55264366211
      vertex -1043.1892740333224 1200 -1188.8154766005428
    endloop
  endfacet
  facet normal -0.799684658487091 0 0.6004202253258833
    outer loop
      vertex -1000.3731022550585 1150 -1133.6172005492301
      vertex -1000.3731022550585 1200 -1133.6172005492301
      vertex -1021.3476262382325 1150 -1161.55264366211
    endloop
  endfacet
  facet normal -0.799684658487091 0 0.6004202253258833
    outer loop
      vertex -1000.3731022550585 1200 -1133.6172005492301
      vertex -1021.3476262382325 1200 -1161.55264366211
      vertex -1021.3476262382325 1150 -1161.55264366211
    endloop
  endfacet
  facet normal -0.8181497174250236 0 0.5750052520432782
    outer loop
      vertex -980.2864014066871 1150 -1105.036716171569
      vertex -980.2864014066871 1200 -1105.036716171569
      vertex -1000.3731022550585 1150 -1133.6172005492301
    endloop
  endfacet
  facet normal -0.8358073613682699 0 0.5490228179981324
    outer loop
      vertex -961.1073468417594 1150 -1075.8393960166445
      vertex -961.1073468417594 1200 -1075.8393960166445
      vertex -980.2864014066871 1150 -1105.036716171569
    endloop
  endfacet
  facet normal -0.8181497174250236 0 0.5750052520432782
    outer loop
      vertex -1000.3731022550585 1150 -1133.6172005492301
      vertex -980.2864014066871 1200 -1105.036716171569
      vertex -1000.3731022550585 1200 -1133.6172005492301
    endloop
  endfacet
  facet normal -0.8358073613682699 0 0.5490228179981324
    outer loop
      vertex -980.2864014066871 1150 -1105.036716171569
      vertex -961.1073468417594 1200 -1075.8393960166445
      vertex -980.2864014066871 1200 -1105.036716171569
    endloop
  endfacet
  facet normal -0.8526401643540903 0 0.522498564715952
    outer loop
      vertex -961.1073468417594 1150 -1075.8393960166445
      vertex -942.8548659716146 1200 -1046.054054314413
      vertex -961.1073468417594 1200 -1075.8393960166445
    endloop
  endfacet
  facet normal -0.8526401643540903 0 0.522498564715952
    outer loop
      vertex -942.8548659716146 1150 -1046.054054314413
      vertex -942.8548659716146 1200 -1046.054054314413
      vertex -961.1073468417594 1150 -1075.8393960166445
    endloop
  endfacet
  facet normal -0.8686315144381932 0 0.49545866843240416
    outer loop
      vertex -925.5469717912238 1150 -1015.7100856011075
      vertex -925.5469717912238 1200 -1015.7100856011075
      vertex -942.8548659716146 1150 -1046.054054314413
    endloop
  endfacet
  facet normal -0.8837656300886935 0 0.46792981426057323
    outer loop
      vertex -909.2007451025349 1150 -984.837435710376
      vertex -909.2007451025349 1200 -984.837435710376
      vertex -925.5469717912238 1150 -1015.7100856011075
    endloop
  endfacet
  facet normal -0.8686315144381932 0 0.49545866843240416
    outer loop
      vertex -942.8548659716146 1150 -1046.054054314413
      vertex -925.5469717912238 1200 -1015.7100856011075
      vertex -942.8548659716146 1200 -1046.054054314413
    endloop
  endfacet
  facet normal -0.8837656300886935 0 0.46792981426057323
    outer loop
      vertex -909.2007451025349 1200 -984.837435710376
      vertex -925.5469717912238 1200 -1015.7100856011075
      vertex -925.5469717912238 1150 -1015.7100856011075
    endloop
  endfacet
  facet normal -0.8980275757606159 0 0.43993916985591486
    outer loop
      vertex -893.8323176577862 1150 -953.4665722203606
      vertex -893.8323176577862 1200 -953.4665722203606
      vertex -909.2007451025349 1150 -984.837435710376
    endloop
  endfacet
  facet normal -0.9114032766354444 0 0.4115143586051106
    outer loop
      vertex -879.456856239413 1150 -921.6284543858762
      vertex -879.456856239413 1200 -921.6284543858762
      vertex -893.8323176577862 1150 -953.4665722203606
    endloop
  endfacet
  facet normal -0.8980275757606159 0 0.43993916985591486
    outer loop
      vertex -909.2007451025349 1150 -984.837435710376
      vertex -893.8323176577862 1200 -953.4665722203606
      vertex -909.2007451025349 1200 -984.837435710376
    endloop
  endfacet
  facet normal -0.9114032766354444 0 0.4115143586051106
    outer loop
      vertex -893.8323176577862 1150 -953.4665722203606
      vertex -879.456856239413 1200 -921.6284543858762
      vertex -893.8323176577862 1200 -953.4665722203606
    endloop
  endfacet
  facet normal -0.9238795325112875 0 0.38268343236508795
    outer loop
      vertex -866.0885476922645 1150 -889.3545025853618
      vertex -866.0885476922645 1200 -889.3545025853618
      vertex -879.456856239413 1150 -921.6284543858762
    endloop
  endfacet
  facet normal -0.9354440308298657 0 0.35347484377926164
    outer loop
      vertex -853.7405849229012 1150 -856.6765673127643
      vertex -853.7405849229012 1200 -856.6765673127643
      vertex -866.0885476922645 1150 -889.3545025853618
    endloop
  endfacet
  facet normal -0.9238795325112875 0 0.38268343236508795
    outer loop
      vertex -879.456856239413 1150 -921.6284543858762
      vertex -866.0885476922645 1200 -889.3545025853618
      vertex -879.456856239413 1200 -921.6284543858762
    endloop
  endfacet
  facet normal -0.9354440308298657 0 0.35347484377926164
    outer loop
      vertex -866.0885476922645 1150 -889.3545025853618
      vertex -853.7405849229012 1200 -856.6765673127643
      vertex -866.0885476922645 1200 -889.3545025853618
    endloop
  endfacet
  facet normal -0.9460853588275479 0 0.32391741819814196
    outer loop
      vertex -842.4251538797894 1150 -823.6268977449415
      vertex -842.4251538797894 1200 -823.6268977449415
      vertex -853.7405849229012 1150 -856.6765673127643
    endloop
  endfacet
  facet normal -0.9460853588275479 0 0.32391741819814196
    outer loop
      vertex -842.4251538797894 1200 -823.6268977449415
      vertex -853.7405849229012 1200 -856.6765673127643
      vertex -853.7405849229012 1150 -856.6765673127643
    endloop
  endfacet
  facet normal -0.9557930147983291 0 0.29404032523230716
    outer loop
      vertex -832.1534215272393 1150 -790.2381099156228
      vertex -832.1534215272393 1200 -790.2381099156228
      vertex -842.4251538797894 1150 -823.6268977449415
    endloop
  endfacet
  facet normal -0.9557930147983291 0 0.29404032523230716
    outer loop
      vertex -842.4251538797894 1150 -823.6268977449415
      vertex -832.1534215272393 1200 -790.2381099156228
      vertex -842.4251538797894 1200 -823.6268977449415
    endloop
  endfacet
  facet normal -0.9645574184577974 0 0.2638730499653753
    outer loop
      vertex -822.9355248249622 1150 -756.5431545273186
      vertex -822.9355248249622 1200 -756.5431545273186
      vertex -832.1534215272393 1150 -790.2381099156228
    endloop
  endfacet
  facet normal -0.9723699203976763 0 0.2334453638559061
    outer loop
      vertex -814.7805607241128 1150 -722.5752844329552
      vertex -814.7805607241128 1200 -722.5752844329552
      vertex -822.9355248249622 1150 -756.5431545273186
    endloop
  endfacet
  facet normal -0.9645574184577974 0 0.2638730499653753
    outer loop
      vertex -832.1534215272393 1150 -790.2381099156228
      vertex -822.9355248249622 1200 -756.5431545273186
      vertex -832.1534215272393 1200 -790.2381099156228
    endloop
  endfacet
  facet normal -0.9723699203976763 0 0.2334453638559061
    outer loop
      vertex -822.9355248249622 1150 -756.5431545273186
      vertex -814.7805607241128 1200 -722.5752844329552
      vertex -822.9355248249622 1200 -756.5431545273186
    endloop
  endfacet
  facet normal -0.9792228106217663 0 0.20278729535650972
    outer loop
      vertex -814.7805607241128 1150 -722.5752844329552
      vertex -807.6965771896982 1200 -688.368021819326
      vertex -814.7805607241128 1200 -722.5752844329552
    endloop
  endfacet
  facet normal -0.9792228106217663 0 0.20278729535650972
    outer loop
      vertex -807.6965771896982 1150 -688.368021819326
      vertex -807.6965771896982 1200 -688.368021819326
      vertex -814.7805607241128 1150 -722.5752844329552
    endloop
  endfacet
  facet normal -0.9851093261547736 0 0.17192910027941155
    outer loop
      vertex -801.6905652582068 1150 -653.9551251247367
      vertex -801.6905652582068 1200 -653.9551251247367
      vertex -807.6965771896982 1150 -688.368021819326
    endloop
  endfacet
  facet normal -0.9851093261547736 0 0.17192910027941155
    outer loop
      vertex -807.6965771896982 1150 -688.368021819326
      vertex -801.6905652582068 1200 -653.9551251247367
      vertex -807.6965771896982 1200 -688.368021819326
    endloop
  endfacet
  facet normal -0.9900236577165573 0 0.14090123193758433
    outer loop
      vertex -801.6905652582068 1150 -653.9551251247367
      vertex -796.7684521383005 1200 -619.3705557235062
      vertex -801.6905652582068 1200 -653.9551251247367
    endloop
  endfacet
  facet normal -0.9900236577165573 0 0.14090123193758433
    outer loop
      vertex -796.7684521383005 1150 -619.3705557235062
      vertex -796.7684521383005 1200 -619.3705557235062
      vertex -801.6905652582068 1150 -653.9551251247367
    endloop
  endfacet
  facet normal -0.99396095545518 0 0.10973431109104212
    outer loop
      vertex -792.935095361375 1150 -584.6484444101881
      vertex -792.935095361375 1200 -584.6484444101881
      vertex -796.7684521383005 1150 -619.3705557235062
    endloop
  endfacet
  facet normal -0.99396095545518 0 0.10973431109104212
    outer loop
      vertex -796.7684521383005 1150 -619.3705557235062
      vertex -792.935095361375 1200 -584.6484444101881
      vertex -796.7684521383005 1200 -619.3705557235062
    endloop
  endfacet
  facet normal -0.996917333733128 0 0.07845909572784514
    outer loop
      vertex -790.194277987762 1200 -549.8230577165964
      vertex -792.935095361375 1200 -584.6484444101881
      vertex -792.935095361375 1150 -584.6484444101881
    endloop
  endfacet
  facet normal -0.996917333733128 0 0.07845909572784514
    outer loop
      vertex -790.194277987762 1150 -549.8230577165964
      vertex -790.194277987762 1200 -549.8230577165964
      vertex -792.935095361375 1150 -584.6484444101881
    endloop
  endfacet
  facet normal -0.9988898749619698 0 0.04710645070964547
    outer loop
      vertex -788.5487048733064 1150 -514.9287640948788
      vertex -788.5487048733064 1200 -514.9287640948788
      vertex -790.194277987762 1150 -549.8230577165964
    endloop
  endfacet
  facet normal -0.9988898749619698 0 0.04710645070964547
    outer loop
      vertex -790.194277987762 1150 -549.8230577165964
      vertex -788.5487048733064 1200 -514.9287640948788
      vertex -790.194277987762 1200 -549.8230577165964
    endloop
  endfacet
  facet normal -0.9998766324816607 0 0.015707317311817657
    outer loop
      vertex -788.5487048733064 1150 -514.9287640948788
      vertex -788 1200 -480
      vertex -788.5487048733064 1200 -514.9287640948788
    endloop
  endfacet
  facet normal -0.9998766324816607 0 0.015707317311817657
    outer loop
      vertex -788 1150 -480
      vertex -788 1200 -480
      vertex -788.5487048733064 1150 -514.9287640948788
    endloop
  endfacet
  facet normal -0.9998766324816607 0 -0.01570731731181763
    outer loop
      vertex -788.5487048733064 1150 -445.0712359051211
      vertex -788.5487048733064 1200 -445.0712359051211
      vertex -788 1150 -480
    endloop
  endfacet
  facet normal -0.9998766324816607 0 -0.01570731731181763
    outer loop
      vertex -788 1150 -480
      vertex -788.5487048733064 1200 -445.0712359051211
      vertex -788 1200 -480
    endloop
  endfacet
  facet normal -0.9988898749619698 0 -0.047106450709645545
    outer loop
      vertex -788.5487048733064 1150 -445.0712359051211
      vertex -790.194277987762 1200 -410.1769422834036
      vertex -788.5487048733064 1200 -445.0712359051211
    endloop
  endfacet
  facet normal -0.9988898749619698 0 -0.047106450709645545
    outer loop
      vertex -790.194277987762 1150 -410.1769422834036
      vertex -790.194277987762 1200 -410.1769422834036
      vertex -788.5487048733064 1150 -445.0712359051211
    endloop
  endfacet
  facet normal -0.996917333733128 0 -0.07845909572784514
    outer loop
      vertex -792.935095361375 1150 -375.35155558981194
      vertex -792.935095361375 1200 -375.35155558981194
      vertex -790.194277987762 1150 -410.1769422834036
    endloop
  endfacet
  facet normal -0.996917333733128 0 -0.07845909572784514
    outer loop
      vertex -790.194277987762 1150 -410.1769422834036
      vertex -792.935095361375 1200 -375.35155558981194
      vertex -790.194277987762 1200 -410.1769422834036
    endloop
  endfacet
  facet normal -0.99396095545518 0 -0.1097343110910423
    outer loop
      vertex -792.935095361375 1150 -375.35155558981194
      vertex -796.7684521383005 1200 -340.62944427649387
      vertex -792.935095361375 1200 -375.35155558981194
    endloop
  endfacet
  facet normal -0.99396095545518 0 -0.1097343110910423
    outer loop
      vertex -796.7684521383005 1150 -340.62944427649387
      vertex -796.7684521383005 1200 -340.62944427649387
      vertex -792.935095361375 1150 -375.35155558981194
    endloop
  endfacet
  facet normal -0.9900236577165573 0 -0.1409012319375841
    outer loop
      vertex -801.6905652582068 1150 -306.0448748752633
      vertex -801.6905652582068 1200 -306.0448748752633
      vertex -796.7684521383005 1150 -340.62944427649387
    endloop
  endfacet
  facet normal -0.9900236577165573 0 -0.1409012319375841
    outer loop
      vertex -796.7684521383005 1150 -340.62944427649387
      vertex -801.6905652582068 1200 -306.0448748752633
      vertex -796.7684521383005 1200 -340.62944427649387
    endloop
  endfacet
  facet normal -0.9851093261547736 0 -0.17192910027941155
    outer loop
      vertex -807.6965771896982 1200 -271.63197818067397
      vertex -801.6905652582068 1200 -306.0448748752633
      vertex -801.6905652582068 1150 -306.0448748752633
    endloop
  endfacet
  facet normal -0.9851093261547736 0 -0.17192910027941155
    outer loop
      vertex -807.6965771896982 1150 -271.63197818067397
      vertex -807.6965771896982 1200 -271.63197818067397
      vertex -801.6905652582068 1150 -306.0448748752633
    endloop
  endfacet
  facet normal -0.9792228106217664 0 -0.2027872953565096
    outer loop
      vertex -814.7805607241128 1150 -237.42471556704479
      vertex -814.7805607241128 1200 -237.42471556704479
      vertex -807.6965771896982 1150 -271.63197818067397
    endloop
  endfacet
  facet normal -0.9723699203976763 0 -0.23344536385590628
    outer loop
      vertex -814.7805607241128 1150 -237.42471556704479
      vertex -822.9355248249622 1150 -203.45684547268138
      vertex -822.9355248249622 1200 -203.45684547268138
    endloop
  endfacet
  facet normal -0.9792228106217664 0 -0.2027872953565096
    outer loop
      vertex -807.6965771896982 1150 -271.63197818067397
      vertex -814.7805607241128 1200 -237.42471556704479
      vertex -807.6965771896982 1200 -271.63197818067397
    endloop
  endfacet
  facet normal -0.9723699203976763 0 -0.23344536385590628
    outer loop
      vertex -814.7805607241128 1150 -237.42471556704479
      vertex -822.9355248249622 1200 -203.45684547268138
      vertex -814.7805607241128 1200 -237.42471556704479
    endloop
  endfacet
  facet normal -0.9645574184577973 0 -0.2638730499653757
    outer loop
      vertex -832.1534215272393 1150 -169.76189008437728
      vertex -832.1534215272393 1200 -169.76189008437728
      vertex -822.9355248249622 1150 -203.45684547268138
    endloop
  endfacet
  facet normal -0.9557930147983292 0 -0.2940403252323067
    outer loop
      vertex -842.4251538797894 1150 -136.37310225505848
      vertex -842.4251538797894 1200 -136.37310225505848
      vertex -832.1534215272393 1150 -169.76189008437728
    endloop
  endfacet
  facet normal -0.9645574184577973 0 -0.2638730499653757
    outer loop
      vertex -822.9355248249622 1150 -203.45684547268138
      vertex -832.1534215272393 1200 -169.76189008437728
      vertex -822.9355248249622 1200 -203.45684547268138
    endloop
  endfacet
  facet normal -0.9557930147983292 0 -0.2940403252323067
    outer loop
      vertex -832.1534215272393 1150 -169.76189008437728
      vertex -842.4251538797894 1200 -136.37310225505848
      vertex -832.1534215272393 1200 -169.76189008437728
    endloop
  endfacet
  facet normal -0.9460853588275477 0 -0.32391741819814246
    outer loop
      vertex -853.7405849229012 1150 -103.32343268723577
      vertex -853.7405849229012 1200 -103.32343268723577
      vertex -842.4251538797894 1150 -136.37310225505848
    endloop
  endfacet
  facet normal -0.9354440308298657 0 -0.35347484377926164
    outer loop
      vertex -866.0885476922645 1150 -70.64549741463821
      vertex -866.0885476922645 1200 -70.64549741463821
      vertex -853.7405849229012 1150 -103.32343268723577
    endloop
  endfacet
  facet normal -0.9460853588275477 0 -0.32391741819814246
    outer loop
      vertex -842.4251538797894 1150 -136.37310225505848
      vertex -853.7405849229012 1200 -103.32343268723577
      vertex -842.4251538797894 1200 -136.37310225505848
    endloop
  endfacet
  facet normal -0.9354440308298657 0 -0.35347484377926164
    outer loop
      vertex -853.7405849229012 1150 -103.32343268723577
      vertex -866.0885476922645 1200 -70.64549741463821
      vertex -853.7405849229012 1200 -103.32343268723577
    endloop
  endfacet
  facet normal -0.9238795325112875 0 -0.38268343236508795
    outer loop
      vertex -866.0885476922645 1150 -70.64549741463821
      vertex -879.456856239413 1150 -38.37154561412382
      vertex -879.456856239413 1200 -38.37154561412382
    endloop
  endfacet
  facet normal -0.9114032766354444 0 -0.4115143586051106
    outer loop
      vertex -893.8323176577862 1150 -6.533427779639453
      vertex -893.8323176577862 1200 -6.533427779639453
      vertex -879.456856239413 1150 -38.37154561412382
    endloop
  endfacet
  facet normal -0.9238795325112875 0 -0.38268343236508795
    outer loop
      vertex -866.0885476922645 1150 -70.64549741463821
      vertex -879.456856239413 1200 -38.37154561412382
      vertex -866.0885476922645 1200 -70.64549741463821
    endloop
  endfacet
  facet normal -0.9114032766354444 0 -0.4115143586051106
    outer loop
      vertex -879.456856239413 1150 -38.37154561412382
      vertex -893.8323176577862 1200 -6.533427779639453
      vertex -879.456856239413 1200 -38.37154561412382
    endloop
  endfacet
  facet normal 0 0 -1
    outer loop
      vertex 3450 2200 -2270
      vertex -4295 2150 -2270
      vertex -4295 2200 -2270
    endloop
  endfacet
  facet normal 0 1 0
    outer loop
      vertex 3450 2200 -2270
      vertex -4295 2200 -2270
      vertex -4295 2200 2270
    endloop
  endfacet
  facet normal 0 -1 0
    outer loop
      vertex -4295 1150 2270
      vertex -2985.2194392758875 1150 -722.5752844329553
      vertex -2992.3034228103015 1150 -688.3680218193258
    endloop
  endfacet
  facet normal 0 -1 0
    outer loop
      vertex -4295 1150 2270
      vertex -2992.3034228103015 1150 -688.3680218193258
      vertex -2998.309434741793 1150 -653.9551251247367
    endloop
  endfacet
  facet normal 0 -1 0
    outer loop
      vertex -4295 1150 2270
      vertex -2998.309434741793 1150 -653.9551251247367
      vertex -3003.2315478616993 1150 -619.3705557235063
    endloop
  endfacet
  facet normal 0 -1 0
    outer loop
      vertex -4295 1150 2270
      vertex -3003.2315478616993 1150 -619.3705557235063
      vertex -3007.064904638625 1150 -584.648444410188
    endloop
  endfacet
  facet normal 0 -1 0
    outer loop
      vertex -4295 1150 2270
      vertex -3007.064904638625 1150 -584.648444410188
      vertex -3009.805722012238 1150 -549.8230577165965
    endloop
  endfacet
  facet normal 0 -1 0
    outer loop
      vertex -4295 1150 2270
      vertex -3009.805722012238 1150 -549.8230577165965
      vertex -3011.4512951266934 1150 -514.9287640948787
    endloop
  endfacet
  facet normal 0 -1 0
    outer loop
      vertex -4295 1150 2270
      vertex -3011.4512951266934 1150 -514.9287640948787
      vertex -3012 1150 -480
    endloop
  endfacet
  facet normal 0 -1 0
    outer loop
      vertex -4295 1150 2270
      vertex -3012 1150 -480
      vertex -3011.4512951266934 1150 -445.0712359051211
    endloop
  endfacet
  facet normal 0 -1 0
    outer loop
      vertex -4295 1150 2270
      vertex -3011.4512951266934 1150 -445.0712359051211
      vertex -3009.805722012238 1150 -410.1769422834031
    endloop
  endfacet
  facet normal 0 -1 0
    outer loop
      vertex -4295 1150 2270
      vertex -3009.805722012238 1150 -410.1769422834031
      vertex -3007.064904638625 1150 -375.3515555898125
    endloop
  endfacet
  facet normal 0 -1 0
    outer loop
      vertex -4295 1150 2270
      vertex -3007.064904638625 1150 -375.3515555898125
      vertex -3003.2315478616993 1150 -340.62944427649387
    endloop
  endfacet
  facet normal 0 -1 0
    outer loop
      vertex -4295 1150 2270
      vertex -3003.2315478616993 1150 -340.62944427649387
      vertex -2998.309434741793 1150 -306.0448748752633
    endloop
  endfacet
  facet normal 0 -1 0
    outer loop
      vertex -4295 1150 2270
      vertex -2998.309434741793 1150 -306.0448748752633
      vertex -2992.3034228103015 1150 -271.63197818067397
    endloop
  endfacet
  facet normal -1 0 0
    outer loop
      vertex -4295 1150 2270
      vertex -4295 1200 2270
      vertex -4295 1150 -2270
    endloop
  endfacet
  facet normal 0 -1 0
    outer loop
      vertex -4295 1150 2270
      vertex -2992.3034228103015 1150 -271.63197818067397
      vertex -2985.219439275887 1150 -237.42471556704427
    endloop
  endfacet
  facet normal 0 -1 0
    outer loop
      vertex -4295 1150 2270
      vertex -2985.219439275887 1150 -237.42471556704427
      vertex -2977.064475175038 1150 -203.4568454726819
    endloop
  endfacet
  facet normal 0 -1 0
    outer loop
      vertex -4295 1150 2270
      vertex -2977.064475175038 1150 -203.4568454726819
      vertex -2967.8465784727605 1150 -169.76189008437728
    endloop
  endfacet
  facet normal 0 -1 0
    outer loop
      vertex -4295 1150 2270
      vertex -2967.8465784727605 1150 -169.76189008437728
      vertex -2957.5748461202106 1150 -136.37310225505848
    endloop
  endfacet
  facet normal 0 -1 0
    outer loop
      vertex -4295 1150 2270
      vertex -2957.5748461202106 1150 -136.37310225505848
      vertex -2946.2594150770988 1150 -103.32343268723577
    endloop
  endfacet
  facet normal 0 -1 0
    outer loop
      vertex -4295 1150 2270
      vertex -2946.2594150770988 1150 -103.32343268723577
      vertex -2933.911452307735 1150 -70.64549741463765
    endloop
  endfacet
  facet normal 0 -1 0
    outer loop
      vertex -4295 1150 2270
      vertex -2933.911452307735 1150 -70.64549741463765
      vertex -2920.543143760587 1150 -38.37154561412433
    endloop
  endfacet
  facet normal 0 -1 0
    outer loop
      vertex -4295 1150 2270
      vertex -2920.543143760587 1150 -38.37154561412433
      vertex -2906.167682342214 1150 -6.533427779639453
    endloop
  endfacet
  facet normal 0 -1 0
    outer loop
      vertex -4295 1150 2270
      vertex -2906.167682342214 1150 -6.533427779639453
      vertex -2890.7992548974653 1150 24.837435710375985
    endloop
  endfacet
  facet normal 0 -1 0
    outer loop
      vertex -4295 1150 2270
      vertex -2890.7992548974653 1150 24.837435710375985
      vertex -2874.4530282087762 1150 55.710085601107494
    endloop
  endfacet
  facet normal 0 -1 0
    outer loop
      vertex -4295 1150 2270
      vertex -2874.4530282087762 1150 55.710085601107494
      vertex -2857.145134028385 1150 86.05405431441329
    endloop
  endfacet
  facet normal 0 -1 0
    outer loop
      vertex -4295 1150 2270
      vertex -2857.145134028385 1150 86.05405431441329
      vertex -2838.892653158241 1150 115.83939601664383
    endloop
  endfacet
  facet normal 0 1 0
    outer loop
      vertex -4295 1200 2270
      vertex -2933.911452307735 1200 -70.64549741463765
      vertex -2946.2594150770988 1200 -103.32343268723577
    endloop
  endfacet
  facet normal 0 1 0
    outer loop
      vertex -4295 1200 2270
      vertex -2920.543143760587 1200 -38.37154561412433
      vertex -2933.911452307735 1200 -70.64549741463765
    endloop
  endfacet
  facet normal 0 1 0
    outer loop
      vertex -4295 1200 2270
      vertex -2906.167682342214 1200 -6.533427779639453
      vertex -2920.543143760587 1200 -38.37154561412433
    endloop
  endfacet
  facet normal 0 1 0
    outer loop
      vertex -4295 1200 2270
      vertex -2890.7992548974653 1200 24.837435710375985
      vertex -2906.167682342214 1200 -6.533427779639453
    endloop
  endfacet
  facet normal 0 1 0
    outer loop
      vertex -4295 1200 2270
      vertex -2874.4530282087762 1200 55.710085601107494
      vertex -2890.7992548974653 1200 24.837435710375985
    endloop
  endfacet
  facet normal 0 1 0
    outer loop
      vertex -4295 1200 2270
      vertex -2857.145134028385 1200 86.05405431441329
      vertex -2874.4530282087762 1200 55.710085601107494
    endloop
  endfacet
  facet normal 0 1 0
    outer loop
      vertex -4295 1200 2270
      vertex -2838.892653158241 1200 115.83939601664383
      vertex -2857.145134028385 1200 86.05405431441329
    endloop
  endfacet
  facet normal 0.8980275757606161 0 -0.43993916985591425
    outer loop
      vertex -2890.7992548974653 1150 24.837435710375985
      vertex -2906.167682342214 1150 -6.533427779639453
      vertex -2906.167682342214 1200 -6.533427779639453
    endloop
  endfacet
  facet normal 0.8837656300886907 0 -0.4679298142605783
    outer loop
      vertex -2874.4530282087762 1150 55.710085601107494
      vertex -2890.7992548974653 1150 24.837435710375985
      vertex -2890.7992548974653 1200 24.837435710375985
    endloop
  endfacet
  facet normal 0.8686315144381928 0 -0.4954586684324049
    outer loop
      vertex -2857.145134028385 1150 86.05405431441329
      vertex -2874.4530282087762 1150 55.710085601107494
      vertex -2874.4530282087762 1200 55.710085601107494
    endloop
  endfacet
  facet normal 0.8980275757606161 0 -0.43993916985591425
    outer loop
      vertex -2890.7992548974653 1150 24.837435710375985
      vertex -2906.167682342214 1200 -6.533427779639453
      vertex -2890.7992548974653 1200 24.837435710375985
    endloop
  endfacet
  facet normal 0.8837656300886907 0 -0.4679298142605783
    outer loop
      vertex -2874.4530282087762 1150 55.710085601107494
      vertex -2890.7992548974653 1200 24.837435710375985
      vertex -2874.4530282087762 1200 55.710085601107494
    endloop
  endfacet
  facet normal 0.852640164354091 0 -0.5224985647159509
    outer loop
      vertex -2838.892653158241 1150 115.83939601664383
      vertex -2857.145134028385 1150 86.05405431441329
      vertex -2857.145134028385 1200 86.05405431441329
    endloop
  endfacet
  facet normal 0.8686315144381928 0 -0.4954586684324049
    outer loop
      vertex -2857.145134028385 1150 86.05405431441329
      vertex -2874.4530282087762 1200 55.710085601107494
      vertex -2857.145134028385 1200 86.05405431441329
    endloop
  endfacet
  facet normal 0.852640164354091 0 -0.5224985647159509
    outer loop
      vertex -2838.892653158241 1150 115.83939601664383
      vertex -2857.145134028385 1200 86.05405431441329
      vertex -2838.892653158241 1200 115.83939601664383
    endloop
  endfacet
  facet normal 0.8358073613682693 0 -0.5490228179981332
    outer loop
      vertex -2819.713598593313 1150 145.03671617156908
      vertex -2838.892653158241 1150 115.83939601664383
      vertex -2838.892653158241 1200 115.83939601664383
    endloop
  endfacet
  facet normal 0.8358073613682693 0 -0.5490228179981332
    outer loop
      vertex -2819.713598593313 1150 145.03671617156908
      vertex -2838.892653158241 1200 115.83939601664383
      vertex -2819.713598593313 1200 145.03671617156908
    endloop
  endfacet
  facet normal 0.8181497174250271 0 -0.5750052520432732
    outer loop
      vertex -2799.6268977449417 1150 173.61720054923012
      vertex -2819.713598593313 1150 145.03671617156908
      vertex -2819.713598593313 1200 145.03671617156908
    endloop
  endfacet
  facet normal 0.7996846584870895 0 -0.6004202253258855
    outer loop
      vertex -2778.6523737617676 1150 201.55264366211009
      vertex -2799.6268977449417 1150 173.61720054923012
      vertex -2799.6268977449417 1200 173.61720054923012
    endloop
  endfacet
  facet normal 0.8181497174250271 0 -0.5750052520432732
    outer loop
      vertex -2799.6268977449417 1150 173.61720054923012
      vertex -2819.713598593313 1200 145.03671617156908
      vertex -2799.6268977449417 1200 173.61720054923012
    endloop
  endfacet
  facet normal 0.7996846584870895 0 -0.6004202253258855
    outer loop
      vertex -2778.6523737617676 1150 201.55264366211009
      vertex -2799.6268977449417 1200 173.61720054923012
      vertex -2778.6523737617676 1200 201.55264366211009
    endloop
  endfacet
  facet normal 0.7804304073383307 0 -0.625242656335704
    outer loop
      vertex -2756.8107259666776 1150 228.8154766005432
      vertex -2778.6523737617676 1150 201.55264366211009
      vertex -2778.6523737617676 1200 201.55264366211009
    endloop
  endfacet
  facet normal 0.7604059656000285 0 -0.6494480483301868
    outer loop
      vertex -2734.1235094290714 1150 255.37879423990046
      vertex -2756.8107259666776 1150 228.8154766005432
      vertex -2756.8107259666776 1200 228.8154766005432
    endloop
  endfacet
  facet normal 0.7396310949786083 0 -0.6730125135097749
    outer loop
      vertex -2710.6131136926097 1150 281.21638179270167
      vertex -2734.1235094290714 1150 255.37879423990046
      vertex -2734.1235094290714 1200 255.37879423990046
    endloop
  endfacet
  facet normal 0.7804304073383307 0 -0.625242656335704
    outer loop
      vertex -2756.8107259666776 1150 228.8154766005432
      vertex -2778.6523737617676 1200 201.55264366211009
      vertex -2756.8107259666776 1200 228.8154766005432
    endloop
  endfacet
  facet normal 0.7604059656000285 0 -0.6494480483301868
    outer loop
      vertex -2734.1235094290714 1150 255.37879423990046
      vertex -2756.8107259666776 1200 228.8154766005432
      vertex -2734.1235094290714 1200 255.37879423990046
    endloop
  endfacet
  facet normal 0.7396310949786083 0 -0.6730125135097749
    outer loop
      vertex -2710.6131136926097 1150 281.21638179270167
      vertex -2734.1235094290714 1200 255.37879423990046
      vertex -2710.6131136926097 1200 281.21638179270167
    endloop
  endfacet
  facet normal 0.7181262977631913 0 -0.6959127965923119
    outer loop
      vertex -2686.302740679441 1150 306.30274067944094
      vertex -2710.6131136926097 1150 281.21638179270167
      vertex -2710.6131136926097 1200 281.21638179270167
    endloop
  endfacet
  facet normal 0.6959127965923135 0 -0.7181262977631897
    outer loop
      vertex -2661.2163817927017 1150 330.6131136926098
      vertex -2686.302740679441 1150 306.30274067944094
      vertex -2686.302740679441 1200 306.30274067944094
    endloop
  endfacet
  facet normal 0.7181262977631913 0 -0.6959127965923119
    outer loop
      vertex -2686.302740679441 1150 306.30274067944094
      vertex -2710.6131136926097 1200 281.21638179270167
      vertex -2686.302740679441 1200 306.30274067944094
    endloop
  endfacet
  facet normal 0.6959127965923135 0 -0.7181262977631897
    outer loop
      vertex -2661.2163817927017 1150 330.6131136926098
      vertex -2686.302740679441 1200 306.30274067944094
      vertex -2661.2163817927017 1200 330.6131136926098
    endloop
  endfacet
  facet normal 0.6730125135097696 0 -0.739631094978613
    outer loop
      vertex -2635.3787942399003 1150 354.1235094290713
      vertex -2661.2163817927017 1150 330.6131136926098
      vertex -2661.2163817927017 1200 330.6131136926098
    endloop
  endfacet
  facet normal 0.6730125135097696 0 -0.739631094978613
    outer loop
      vertex -2635.3787942399003 1150 354.1235094290713
      vertex -2661.2163817927017 1200 330.6131136926098
      vertex -2635.3787942399003 1200 354.1235094290713
    endloop
  endfacet
  facet normal 0.6494480483301864 0 -0.7604059656000286
    outer loop
      vertex -2608.815476600543 1150 376.8107259666774
      vertex -2635.3787942399003 1150 354.1235094290713
      vertex -2635.3787942399003 1200 354.1235094290713
    endloop
  endfacet
  facet normal 0.6494480483301864 0 -0.7604059656000286
    outer loop
      vertex -2608.815476600543 1150 376.8107259666774
      vertex -2635.3787942399003 1200 354.1235094290713
      vertex -2608.815476600543 1200 376.8107259666774
    endloop
  endfacet
  facet normal 0.6252426563357091 0 -0.7804304073383266
    outer loop
      vertex -2581.5526436621103 1150 398.65237376176754
      vertex -2608.815476600543 1150 376.8107259666774
      vertex -2608.815476600543 1200 376.8107259666774
    endloop
  endfacet
  facet normal 0.6004202253258771 0 -0.7996846584870957
    outer loop
      vertex -2553.61720054923 1150 419.6268977449415
      vertex -2581.5526436621103 1150 398.65237376176754
      vertex -2581.5526436621103 1200 398.65237376176754
    endloop
  endfacet
  facet normal 0.6252426563357091 0 -0.7804304073383266
    outer loop
      vertex -2581.5526436621103 1150 398.65237376176754
      vertex -2608.815476600543 1200 376.8107259666774
      vertex -2581.5526436621103 1200 398.65237376176754
    endloop
  endfacet
  facet normal 0.6004202253258771 0 -0.7996846584870957
    outer loop
      vertex -2553.61720054923 1150 419.6268977449415
      vertex -2581.5526436621103 1200 398.65237376176754
      vertex -2553.61720054923 1200 419.6268977449415
    endloop
  endfacet
  facet normal 0.5750052520432813 0 -0.8181497174250215
    outer loop
      vertex -2525.036716171569 1150 439.7135985933129
      vertex -2553.61720054923 1150 419.6268977449415
      vertex -2553.61720054923 1200 419.6268977449415
    endloop
  endfacet
  facet normal 0.5490228179981353 0 -0.8358073613682678
    outer loop
      vertex -2495.839396016644 1150 458.89265315824105
      vertex -2525.036716171569 1150 439.7135985933129
      vertex -2525.036716171569 1200 439.7135985933129
    endloop
  endfacet
  facet normal 0.522498564715947 0 -0.8526401643540933
    outer loop
      vertex -2466.0540543144134 1150 477.1451340283851
      vertex -2495.839396016644 1150 458.89265315824105
      vertex -2495.839396016644 1200 458.89265315824105
    endloop
  endfacet
  facet normal 0.5750052520432813 0 -0.8181497174250215
    outer loop
      vertex -2525.036716171569 1150 439.7135985933129
      vertex -2553.61720054923 1200 419.6268977449415
      vertex -2525.036716171569 1200 439.7135985933129
    endloop
  endfacet
  facet normal 0.5490228179981353 0 -0.8358073613682678
    outer loop
      vertex -2495.839396016644 1150 458.89265315824105
      vertex -2525.036716171569 1200 439.7135985933129
      vertex -2495.839396016644 1200 458.89265315824105
    endloop
  endfacet
  facet normal 0.49545866843240594 0 -0.8686315144381922
    outer loop
      vertex -2435.7100856011075 1150 494.45302820877623
      vertex -2466.0540543144134 1150 477.1451340283851
      vertex -2466.0540543144134 1200 477.1451340283851
    endloop
  endfacet
  facet normal 0.522498564715947 0 -0.8526401643540933
    outer loop
      vertex -2466.0540543144134 1150 477.1451340283851
      vertex -2495.839396016644 1200 458.89265315824105
      vertex -2466.0540543144134 1200 477.1451340283851
    endloop
  endfacet
  facet normal 0.49545866843240594 0 -0.8686315144381922
    outer loop
      vertex -2435.7100856011075 1150 494.45302820877623
      vertex -2466.0540543144134 1200 477.1451340283851
      vertex -2435.7100856011075 1200 494.45302820877623
    endloop
  endfacet
  facet normal 0.46792981426057056 0 -0.8837656300886949
    outer loop
      vertex -2404.8374357103758 1150 510.79925489746506
      vertex -2435.7100856011075 1150 494.45302820877623
      vertex -2435.7100856011075 1200 494.45302820877623
    endloop
  endfacet
  facet normal 0.43993916985591486 0 -0.8980275757606159
    outer loop
      vertex -2373.4665722203604 1150 526.1676823422138
      vertex -2404.8374357103758 1150 510.79925489746506
      vertex -2404.8374357103758 1200 510.79925489746506
    endloop
  endfacet
  facet normal 0.41151435860510843 0 -0.9114032766354454
    outer loop
      vertex -2341.6284543858756 1150 540.5431437605871
      vertex -2373.4665722203604 1150 526.1676823422138
      vertex -2373.4665722203604 1200 526.1676823422138
    endloop
  endfacet
  facet normal 0.46792981426057056 0 -0.8837656300886949
    outer loop
      vertex -2404.8374357103758 1150 510.79925489746506
      vertex -2435.7100856011075 1200 494.45302820877623
      vertex -2404.8374357103758 1200 510.79925489746506
    endloop
  endfacet
  facet normal 0.43993916985591486 0 -0.8980275757606159
    outer loop
      vertex -2373.4665722203604 1150 526.1676823422138
      vertex -2404.8374357103758 1200 510.79925489746506
      vertex -2373.4665722203604 1200 526.1676823422138
    endloop
  endfacet
  facet normal 0 -1 0
    outer loop
      vertex -4295 1150 2270
      vertex -2838.892653158241 1150 115.83939601664383
      vertex -2819.713598593313 1150 145.03671617156908
    endloop
  endfacet
  facet normal 0 -1 0
    outer loop
      vertex -4295 1150 2270
      vertex -2819.713598593313 1150 145.03671617156908
      vertex -2799.6268977449417 1150 173.61720054923012
    endloop
  endfacet
  facet normal 0 -1 0
    outer loop
      vertex -4295 1150 2270
      vertex -2799.6268977449417 1150 173.61720054923012
      vertex -2778.6523737617676 1150 201.55264366211009
    endloop
  endfacet
  facet normal 0 -1 0
    outer loop
      vertex -4295 1150 2270
      vertex -2778.6523737617676 1150 201.55264366211009
      vertex -2756.8107259666776 1150 228.8154766005432
    endloop
  endfacet
  facet normal 0 -1 0
    outer loop
      vertex -4295 1150 2270
      vertex -2756.8107259666776 1150 228.8154766005432
      vertex -2734.1235094290714 1150 255.37879423990046
    endloop
  endfacet
  facet normal 0 -1 0
    outer loop
      vertex -4295 1150 2270
      vertex -2734.1235094290714 1150 255.37879423990046
      vertex -2710.6131136926097 1150 281.21638179270167
    endloop
  endfacet
  facet normal 0 -1 0
    outer loop
      vertex -4295 1150 2270
      vertex -2710.6131136926097 1150 281.21638179270167
      vertex -2686.302740679441 1150 306.30274067944094
    endloop
  endfacet
  facet normal 0 -1 0
    outer loop
      vertex -4295 1150 2270
      vertex -2686.302740679441 1150 306.30274067944094
      vertex -2661.2163817927017 1150 330.6131136926098
    endloop
  endfacet
  facet normal 0 -1 0
    outer loop
      vertex -4295 1150 2270
      vertex -2661.2163817927017 1150 330.6131136926098
      vertex -2635.3787942399003 1150 354.1235094290713
    endloop
  endfacet
  facet normal 0 -1 0
    outer loop
      vertex -4295 1150 2270
      vertex -2635.3787942399003 1150 354.1235094290713
      vertex -2608.815476600543 1150 376.8107259666774
    endloop
  endfacet
  facet normal 0 -1 0
    outer loop
      vertex -2581.5526436621103 1150 398.65237376176754
      vertex -4295 1150 2270
      vertex -2608.815476600543 1150 376.8107259666774
    endloop
  endfacet
  facet normal 0 -1 0
    outer loop
      vertex -2553.61720054923 1150 419.6268977449415
      vertex -4295 1150 2270
      vertex -2581.5526436621103 1150 398.65237376176754
    endloop
  endfacet
  facet normal 0 -1 0
    outer loop
      vertex -2525.036716171569 1150 439.7135985933129
      vertex -4295 1150 2270
      vertex -2553.61720054923 1150 419.6268977449415
    endloop
  endfacet
  facet normal 0 -1 0
    outer loop
      vertex -2495.839396016644 1150 458.89265315824105
      vertex -4295 1150 2270
      vertex -2525.036716171569 1150 439.7135985933129
    endloop
  endfacet
  facet normal 0 -1 0
    outer loop
      vertex -2466.0540543144134 1150 477.1451340283851
      vertex -4295 1150 2270
      vertex -2495.839396016644 1150 458.89265315824105
    endloop
  endfacet
  facet normal 0 -1 0
    outer loop
      vertex -2435.7100856011075 1150 494.45302820877623
      vertex -4295 1150 2270
      vertex -2466.0540543144134 1150 477.1451340283851
    endloop
  endfacet
  facet normal 0 -1 0
    outer loop
      vertex -2404.8374357103758 1150 510.79925489746506
      vertex -4295 1150 2270
      vertex -2435.7100856011075 1150 494.45302820877623
    endloop
  endfacet
  facet normal 0 -1 0
    outer loop
      vertex -2373.4665722203604 1150 526.1676823422138
      vertex -4295 1150 2270
      vertex -2404.8374357103758 1150 510.79925489746506
    endloop
  endfacet
  facet normal 0 -1 0
    outer loop
      vertex -2341.6284543858756 1150 540.5431437605871
      vertex -4295 1150 2270
      vertex -2373.4665722203604 1150 526.1676823422138
    endloop
  endfacet
  facet normal 0 1 0
    outer loop
      vertex -4295 1200 2270
      vertex -2819.713598593313 1200 145.03671617156908
      vertex -2838.892653158241 1200 115.83939601664383
    endloop
  endfacet
  facet normal 0 1 0
    outer loop
      vertex -4295 1200 2270
      vertex -2799.6268977449417 1200 173.61720054923012
      vertex -2819.713598593313 1200 145.03671617156908
    endloop
  endfacet
  facet normal 0 1 0
    outer loop
      vertex -4295 1200 2270
      vertex -2778.6523737617676 1200 201.55264366211009
      vertex -2799.6268977449417 1200 173.61720054923012
    endloop
  endfacet
  facet normal 0 1 0
    outer loop
      vertex -4295 1200 2270
      vertex -2756.8107259666776 1200 228.8154766005432
      vertex -2778.6523737617676 1200 201.55264366211009
    endloop
  endfacet
  facet normal 0 1 0
    outer loop
      vertex -4295 1200 2270
      vertex -2734.1235094290714 1200 255.37879423990046
      vertex -2756.8107259666776 1200 228.8154766005432
    endloop
  endfacet
  facet normal 0 1 0
    outer loop
      vertex -4295 1200 2270
      vertex -2710.6131136926097 1200 281.21638179270167
      vertex -2734.1235094290714 1200 255.37879423990046
    endloop
  endfacet
  facet normal 0 1 0
    outer loop
      vertex -4295 1200 2270
      vertex -2686.302740679441 1200 306.30274067944094
      vertex -2710.6131136926097 1200 281.21638179270167
    endloop
  endfacet
  facet normal 0 1 0
    outer loop
      vertex -4295 1200 2270
      vertex -2661.2163817927017 1200 330.6131136926098
      vertex -2686.302740679441 1200 306.30274067944094
    endloop
  endfacet
  facet normal 0 1 0
    outer loop
      vertex -4295 1200 2270
      vertex -2635.3787942399003 1200 354.1235094290713
      vertex -2661.2163817927017 1200 330.6131136926098
    endloop
  endfacet
  facet normal 0 1 0
    outer loop
      vertex -4295 1200 2270
      vertex -2608.815476600543 1200 376.8107259666774
      vertex -2635.3787942399003 1200 354.1235094290713
    endloop
  endfacet
  facet normal 0 1 0
    outer loop
      vertex -2581.5526436621103 1200 398.65237376176754
      vertex -2608.815476600543 1200 376.8107259666774
      vertex -4295 1200 2270
    endloop
  endfacet
  facet normal 0 1 0
    outer loop
      vertex -2553.61720054923 1200 419.6268977449415
      vertex -2581.5526436621103 1200 398.65237376176754
      vertex -4295 1200 2270
    endloop
  endfacet
  facet normal 0 1 0
    outer loop
      vertex -2525.036716171569 1200 439.7135985933129
      vertex -2553.61720054923 1200 419.6268977449415
      vertex -4295 1200 2270
    endloop
  endfacet
  facet normal 0 1 0
    outer loop
      vertex -2495.839396016644 1200 458.89265315824105
      vertex -2525.036716171569 1200 439.7135985933129
      vertex -4295 1200 2270
    endloop
  endfacet
  facet normal 0 1 0
    outer loop
      vertex -2466.0540543144134 1200 477.1451340283851
      vertex -2495.839396016644 1200 458.89265315824105
      vertex -4295 1200 2270
    endloop
  endfacet
  facet normal 0 1 0
    outer loop
      vertex -2435.7100856011075 1200 494.45302820877623
      vertex -2466.0540543144134 1200 477.1451340283851
      vertex -4295 1200 2270
    endloop
  endfacet
  facet normal 0 1 0
    outer loop
      vertex -2404.8374357103758 1200 510.79925489746506
      vertex -2435.7100856011075 1200 494.45302820877623
      vertex -4295 1200 2270
    endloop
  endfacet
  facet normal 0 1 0
    outer loop
      vertex -2373.4665722203604 1200 526.1676823422138
      vertex -2404.8374357103758 1200 510.79925489746506
      vertex -4295 1200 2270
    endloop
  endfacet
  facet normal 0 1 0
    outer loop
      vertex -2341.6284543858756 1200 540.5431437605871
      vertex -2373.4665722203604 1200 526.1676823422138
      vertex -4295 1200 2270
    endloop
  endfacet
  facet normal 0 1 0
    outer loop
      vertex -2309.3545025853623 1200 553.9114523077353
      vertex -2341.6284543858756 1200 540.5431437605871
      vertex -4295 1200 2270
    endloop
  endfacet
  facet normal 0 1 0
    outer loop
      vertex -2276.6765673127643 1200 566.2594150770988
      vertex -2309.3545025853623 1200 553.9114523077353
      vertex -4295 1200 2270
    endloop
  endfacet
  facet normal 0 -1 0
    outer loop
      vertex -2275 1150 1015
      vertex -4295 1150 2270
      vertex -2341.6284543858756 1150 540.5431437605871
    endloop
  endfacet
  facet normal 0 -1 0
    outer loop
      vertex -2275 1150 1665
      vertex -4295 1150 2270
      vertex -2275 1150 1015
    endloop
  endfacet
  facet normal 0 1 0
    outer loop
      vertex -2243.6268977449417 1200 577.5748461202106
      vertex -2276.6765673127643 1200 566.2594150770988
      vertex -4295 1200 2270
    endloop
  endfacet
  facet normal 0 1 0
    outer loop
      vertex -2210.2381099156228 1200 587.8465784727607
      vertex -2243.6268977449417 1200 577.5748461202106
      vertex -4295 1200 2270
    endloop
  endfacet
  facet normal 0 1 0
    outer loop
      vertex -2176.543154527318 1200 597.0644751750378
      vertex -2210.2381099156228 1200 587.8465784727607
      vertex -4295 1200 2270
    endloop
  endfacet
  facet normal 0 1 0
    outer loop
      vertex -2142.575284432956 1200 605.219439275887
      vertex -2176.543154527318 1200 597.0644751750378
      vertex -4295 1200 2270
    endloop
  endfacet
  facet normal 0 1 0
    outer loop
      vertex -2108.368021819326 1200 612.3034228103018
      vertex -2142.575284432956 1200 605.219439275887
      vertex -4295 1200 2270
    endloop
  endfacet
  facet normal 0 1 0
    outer loop
      vertex -2275 1200 1665
      vertex -2275 1200 1015
      vertex -4295 1200 2270
    endloop
  endfacet
  facet normal 0 1 0
    outer loop
      vertex -2073.9551251247367 1200 618.3094347417932
      vertex -2108.368021819326 1200 612.3034228103018
      vertex -4295 1200 2270
    endloop
  endfacet
  facet normal 0 1 0
    outer loop
      vertex -2039.3705557235062 1200 623.2315478616995
      vertex -2073.9551251247367 1200 618.3094347417932
      vertex -4295 1200 2270
    endloop
  endfacet
  facet normal 0 1 0
    outer loop
      vertex -2004.6484444101875 1200 627.064904638625
      vertex -2039.3705557235062 1200 623.2315478616995
      vertex -4295 1200 2270
    endloop
  endfacet
  facet normal 0 1 0
    outer loop
      vertex -1969.8230577165968 1200 629.805722012238
      vertex -2004.6484444101875 1200 627.064904638625
      vertex -4295 1200 2270
    endloop
  endfacet
  facet normal 0 1 0
    outer loop
      vertex -1934.928764094879 1200 631.4512951266936
      vertex -1969.8230577165968 1200 629.805722012238
      vertex -4295 1200 2270
    endloop
  endfacet
  facet normal 0 1 0
    outer loop
      vertex -1900 1200 632
      vertex -1934.928764094879 1200 631.4512951266936
      vertex -4295 1200 2270
    endloop
  endfacet
  facet normal 0 1 0
    outer loop
      vertex -1865.071235905121 1200 631.4512951266936
      vertex -1900 1200 632
      vertex -4295 1200 2270
    endloop
  endfacet
  facet normal 0 1 0
    outer loop
      vertex -1865.071235905121 1200 631.4512951266936
      vertex -4295 1200 2270
      vertex -2275 1200 1015
    endloop
  endfacet
  facet normal 0 -1 0
    outer loop
      vertex -4295 2150 2270
      vertex -4295 2150 -2270
      vertex -2250 2150 1640
    endloop
  endfacet
  facet normal -1 0 0
    outer loop
      vertex -4295 2150 2270
      vertex -4295 2200 2270
      vertex -4295 2150 -2270
    endloop
  endfacet
  facet normal 0 -1 0
    outer loop
      vertex -4295 2150 -2270
      vertex -2250 2150 1040
      vertex -2250 2150 1640
    endloop
  endfacet
  facet normal 0.3826834323650911 0 -0.9238795325112862
    outer loop
      vertex -2309.3545025853623 1150 553.9114523077353
      vertex -2341.6284543858756 1150 540.5431437605871
      vertex -2341.6284543858756 1200 540.5431437605871
    endloop
  endfacet
  facet normal 0.35347484377926297 0 -0.935444030829865
    outer loop
      vertex -2276.6765673127643 1150 566.2594150770988
      vertex -2309.3545025853623 1150 553.9114523077353
      vertex -2309.3545025853623 1200 553.9114523077353
    endloop
  endfacet
  facet normal 0.41151435860510843 0 -0.9114032766354454
    outer loop
      vertex -2341.6284543858756 1150 540.5431437605871
      vertex -2373.4665722203604 1200 526.1676823422138
      vertex -2341.6284543858756 1200 540.5431437605871
    endloop
  endfacet
  facet normal 0.3826834323650911 0 -0.9238795325112862
    outer loop
      vertex -2309.3545025853623 1150 553.9114523077353
      vertex -2341.6284543858756 1200 540.5431437605871
      vertex -2309.3545025853623 1200 553.9114523077353
    endloop
  endfacet
  facet normal 0.35347484377926297 0 -0.935444030829865
    outer loop
      vertex -2276.6765673127643 1150 566.2594150770988
      vertex -2309.3545025853623 1200 553.9114523077353
      vertex -2276.6765673127643 1200 566.2594150770988
    endloop
  endfacet
  facet normal -0.35347484377926164 0 -0.9354440308298657
    outer loop
      vertex -1490.6454974146382 1150 553.9114523077355
      vertex -1523.3234326872357 1150 566.2594150770988
      vertex -1523.3234326872357 1200 566.2594150770988
    endloop
  endfacet
  facet normal -0.38268343236508795 0 -0.9238795325112875
    outer loop
      vertex -1458.3715456141238 1150 540.543143760587
      vertex -1490.6454974146382 1150 553.9114523077355
      vertex -1490.6454974146382 1200 553.9114523077355
    endloop
  endfacet
  facet normal -0.35347484377926164 0 -0.9354440308298657
    outer loop
      vertex -1490.6454974146382 1150 553.9114523077355
      vertex -1523.3234326872357 1200 566.2594150770988
      vertex -1490.6454974146382 1200 553.9114523077355
    endloop
  endfacet
  facet normal -0.38268343236508795 0 -0.9238795325112875
    outer loop
      vertex -1458.3715456141238 1150 540.543143760587
      vertex -1490.6454974146382 1200 553.9114523077355
      vertex -1458.3715456141238 1200 540.543143760587
    endloop
  endfacet
  facet normal -0.43993916985591486 0 -0.8980275757606159
    outer loop
      vertex -1395.162564289624 1150 510.79925489746506
      vertex -1426.5334277796394 1150 526.1676823422138
      vertex -1426.5334277796394 1200 526.1676823422138
    endloop
  endfacet
  facet normal -0.4115143586051106 0 -0.9114032766354444
    outer loop
      vertex -1426.5334277796394 1150 526.1676823422138
      vertex -1458.3715456141238 1150 540.543143760587
      vertex -1458.3715456141238 1200 540.543143760587
    endloop
  endfacet
  facet normal -0.4115143586051106 0 -0.9114032766354444
    outer loop
      vertex -1426.5334277796394 1150 526.1676823422138
      vertex -1458.3715456141238 1200 540.543143760587
      vertex -1426.5334277796394 1200 526.1676823422138
    endloop
  endfacet
  facet normal -0.43993916985591486 0 -0.8980275757606159
    outer loop
      vertex -1395.162564289624 1150 510.79925489746506
      vertex -1426.5334277796394 1200 526.1676823422138
      vertex -1395.162564289624 1200 510.79925489746506
    endloop
  endfacet
  facet normal 0 -1 0
    outer loop
      vertex -2275 1150 1015
      vertex -2341.6284543858756 1150 540.5431437605871
      vertex -2309.3545025853623 1150 553.9114523077353
    endloop
  endfacet
  facet normal 0.32391741819814396 0 -0.9460853588275471
    outer loop
      vertex -2243.6268977449417 1150 577.5748461202106
      vertex -2276.6765673127643 1150 566.2594150770988
      vertex -2276.6765673127643 1200 566.2594150770988
    endloop
  endfacet
  facet normal 0.32391741819814396 0 -0.9460853588275471
    outer loop
      vertex -2243.6268977449417 1150 577.5748461202106
      vertex -2276.6765673127643 1200 566.2594150770988
      vertex -2243.6268977449417 1200 577.5748461202106
    endloop
  endfacet
  facet normal 0.29404032523230533 0 -0.9557930147983297
    outer loop
      vertex -2210.2381099156228 1150 587.8465784727607
      vertex -2243.6268977449417 1150 577.5748461202106
      vertex -2243.6268977449417 1200 577.5748461202106
    endloop
  endfacet
  facet normal 0.263873049965372 0 -0.9645574184577983
    outer loop
      vertex -2176.543154527318 1150 597.0644751750378
      vertex -2210.2381099156228 1150 587.8465784727607
      vertex -2210.2381099156228 1200 587.8465784727607
    endloop
  endfacet
  facet normal 0.29404032523230533 0 -0.9557930147983297
    outer loop
      vertex -2210.2381099156228 1150 587.8465784727607
      vertex -2243.6268977449417 1200 577.5748461202106
      vertex -2210.2381099156228 1200 587.8465784727607
    endloop
  endfacet
  facet normal 0.263873049965372 0 -0.9645574184577983
    outer loop
      vertex -2176.543154527318 1150 597.0644751750378
      vertex -2210.2381099156228 1200 587.8465784727607
      vertex -2176.543154527318 1200 597.0644751750378
    endloop
  endfacet
  facet normal 0.23344536385590736 0 -0.9723699203976761
    outer loop
      vertex -2142.575284432956 1150 605.219439275887
      vertex -2176.543154527318 1150 597.0644751750378
      vertex -2176.543154527318 1200 597.0644751750378
    endloop
  endfacet
  facet normal 0.20278729535651083 0 -0.9792228106217662
    outer loop
      vertex -2108.368021819326 1150 612.3034228103018
      vertex -2142.575284432956 1150 605.219439275887
      vertex -2142.575284432956 1200 605.219439275887
    endloop
  endfacet
  facet normal 0.23344536385590736 0 -0.9723699203976761
    outer loop
      vertex -2142.575284432956 1150 605.219439275887
      vertex -2176.543154527318 1200 597.0644751750378
      vertex -2142.575284432956 1200 605.219439275887
    endloop
  endfacet
  facet normal 0.20278729535651083 0 -0.9792228106217662
    outer loop
      vertex -2108.368021819326 1150 612.3034228103018
      vertex -2142.575284432956 1200 605.219439275887
      vertex -2108.368021819326 1200 612.3034228103018
    endloop
  endfacet
  facet normal 0 -1 0
    outer loop
      vertex -2275 1150 1015
      vertex -2309.3545025853623 1150 553.9114523077353
      vertex -2276.6765673127643 1150 566.2594150770988
    endloop
  endfacet
  facet normal 0 -1 0
    outer loop
      vertex -2275 1150 1015
      vertex -2276.6765673127643 1150 566.2594150770988
      vertex -2243.6268977449417 1150 577.5748461202106
    endloop
  endfacet
  facet normal 0 -1 0
    outer loop
      vertex -2275 1150 1015
      vertex -2243.6268977449417 1150 577.5748461202106
      vertex -2210.2381099156228 1150 587.8465784727607
    endloop
  endfacet
  facet normal 0 -1 0
    outer loop
      vertex -2176.543154527318 1150 597.0644751750378
      vertex -2275 1150 1015
      vertex -2210.2381099156228 1150 587.8465784727607
    endloop
  endfacet
  facet normal 0 -1 0
    outer loop
      vertex -2142.575284432956 1150 605.219439275887
      vertex -2275 1150 1015
      vertex -2176.543154527318 1150 597.0644751750378
    endloop
  endfacet
  facet normal 0 -1 0
    outer loop
      vertex -2108.368021819326 1150 612.3034228103018
      vertex -2275 1150 1015
      vertex -2142.575284432956 1150 605.219439275887
    endloop
  endfacet
  facet normal 0 -1 0
    outer loop
      vertex -2073.9551251247367 1150 618.3094347417932
      vertex -2275 1150 1015
      vertex -2108.368021819326 1150 612.3034228103018
    endloop
  endfacet
  facet normal 0 -1 0
    outer loop
      vertex -2039.3705557235062 1150 623.2315478616995
      vertex -2275 1150 1015
      vertex -2073.9551251247367 1150 618.3094347417932
    endloop
  endfacet
  facet normal 0.17192910027941263 0 -0.9851093261547734
    outer loop
      vertex -2073.9551251247367 1150 618.3094347417932
      vertex -2108.368021819326 1150 612.3034228103018
      vertex -2108.368021819326 1200 612.3034228103018
    endloop
  endfacet
  facet normal 0.14090123193758433 0 -0.9900236577165573
    outer loop
      vertex -2039.3705557235062 1150 623.2315478616995
      vertex -2073.9551251247367 1150 618.3094347417932
      vertex -2073.9551251247367 1200 618.3094347417932
    endloop
  endfacet
  facet normal 0.17192910027941263 0 -0.9851093261547734
    outer loop
      vertex -2073.9551251247367 1150 618.3094347417932
      vertex -2108.368021819326 1200 612.3034228103018
      vertex -2073.9551251247367 1200 618.3094347417932
    endloop
  endfacet
  facet normal 0.10973431109104034 0 -0.9939609554551803
    outer loop
      vertex -2004.6484444101875 1150 627.064904638625
      vertex -2039.3705557235062 1150 623.2315478616995
      vertex -2039.3705557235062 1200 623.2315478616995
    endloop
  endfacet
  facet normal 0.14090123193758433 0 -0.9900236577165573
    outer loop
      vertex -2039.3705557235062 1150 623.2315478616995
      vertex -2073.9551251247367 1200 618.3094347417932
      vertex -2039.3705557235062 1200 623.2315478616995
    endloop
  endfacet
  facet normal 0.10973431109104034 0 -0.9939609554551803
    outer loop
      vertex -2004.6484444101875 1150 627.064904638625
      vertex -2039.3705557235062 1200 623.2315478616995
      vertex -2004.6484444101875 1200 627.064904638625
    endloop
  endfacet
  facet normal 0.07845909572784743 0 -0.9969173337331277
    outer loop
      vertex -1969.8230577165968 1150 629.805722012238
      vertex -2004.6484444101875 1150 627.064904638625
      vertex -2004.6484444101875 1200 627.064904638625
    endloop
  endfacet
  facet normal 0.04710645070964501 0 -0.9988898749619699
    outer loop
      vertex -1934.928764094879 1150 631.4512951266936
      vertex -1969.8230577165968 1150 629.805722012238
      vertex -1969.8230577165968 1200 629.805722012238
    endloop
  endfacet
  facet normal 0.07845909572784743 0 -0.9969173337331277
    outer loop
      vertex -1969.8230577165968 1150 629.805722012238
      vertex -2004.6484444101875 1200 627.064904638625
      vertex -1969.8230577165968 1200 629.805722012238
    endloop
  endfacet
  facet normal 0.04710645070964501 0 -0.9988898749619699
    outer loop
      vertex -1934.928764094879 1150 631.4512951266936
      vertex -1969.8230577165968 1200 629.805722012238
      vertex -1934.928764094879 1200 631.4512951266936
    endloop
  endfacet
  facet normal 0.015707317311817605 0 -0.9998766324816607
    outer loop
      vertex -1900 1150 632
      vertex -1934.928764094879 1150 631.4512951266936
      vertex -1934.928764094879 1200 631.4512951266936
    endloop
  endfacet
  facet normal -0.015707317311817605 0 -0.9998766324816607
    outer loop
      vertex -1865.071235905121 1150 631.4512951266936
      vertex -1900 1150 632
      vertex -1900 1200 632
    endloop
  endfacet
  facet normal 0.015707317311817605 0 -0.9998766324816607
    outer loop
      vertex -1900 1150 632
      vertex -1934.928764094879 1200 631.4512951266936
      vertex -1900 1200 632
    endloop
  endfacet
  facet normal -0.015707317311817605 0 -0.9998766324816607
    outer loop
      vertex -1865.071235905121 1150 631.4512951266936
      vertex -1900 1200 632
      vertex -1865.071235905121 1200 631.4512951266936
    endloop
  endfacet
  facet normal 0 -1 0
    outer loop
      vertex -2004.6484444101875 1150 627.064904638625
      vertex -2275 1150 1015
      vertex -2039.3705557235062 1150 623.2315478616995
    endloop
  endfacet
  facet normal 0 -1 0
    outer loop
      vertex -1969.8230577165968 1150 629.805722012238
      vertex -2275 1150 1015
      vertex -2004.6484444101875 1150 627.064904638625
    endloop
  endfacet
  facet normal 0 -1 0
    outer loop
      vertex -1934.928764094879 1150 631.4512951266936
      vertex -2275 1150 1015
      vertex -1969.8230577165968 1150 629.805722012238
    endloop
  endfacet
  facet normal 0 -1 0
    outer loop
      vertex -1900 1150 632
      vertex -2275 1150 1015
      vertex -1934.928764094879 1150 631.4512951266936
    endloop
  endfacet
  facet normal 0 -1 0
    outer loop
      vertex -1865.071235905121 1150 631.4512951266936
      vertex -2275 1150 1015
      vertex -1900 1150 632
    endloop
  endfacet
  facet normal 0 -1 0
    outer loop
      vertex -1830.1769422834032 1150 629.805722012238
      vertex -2275 1150 1015
      vertex -1865.071235905121 1150 631.4512951266936
    endloop
  endfacet
  facet normal 0 -1 0
    outer loop
      vertex -1795.3515555898125 1150 627.064904638625
      vertex -2275 1150 1015
      vertex -1830.1769422834032 1150 629.805722012238
    endloop
  endfacet
  facet normal 0 -1 0
    outer loop
      vertex -1625 1150 1015
      vertex -2275 1150 1015
      vertex -1795.3515555898125 1150 627.064904638625
    endloop
  endfacet
  facet normal 0 0 1
    outer loop
      vertex -1625 1200 1015
      vertex -2275 1200 1015
      vertex -2275 1150 1015
    endloop
  endfacet
  facet normal 0 0 -1
    outer loop
      vertex -1650 700 1040
      vertex -2250 700 1040
      vertex -2250 2150 1040
    endloop
  endfacet
  facet normal 0 1 0
    outer loop
      vertex -1625 1200 1015
      vertex -1865.071235905121 1200 631.4512951266936
      vertex -2275 1200 1015
    endloop
  endfacet
  facet normal -0.04710645070964501 0 -0.9988898749619699
    outer loop
      vertex -1830.1769422834032 1150 629.805722012238
      vertex -1865.071235905121 1150 631.4512951266936
      vertex -1865.071235905121 1200 631.4512951266936
    endloop
  endfacet
  facet normal -0.07845909572784743 0 -0.9969173337331277
    outer loop
      vertex -1795.3515555898125 1150 627.064904638625
      vertex -1830.1769422834032 1150 629.805722012238
      vertex -1830.1769422834032 1200 629.805722012238
    endloop
  endfacet
  facet normal -0.04710645070964501 0 -0.9988898749619699
    outer loop
      vertex -1830.1769422834032 1150 629.805722012238
      vertex -1865.071235905121 1200 631.4512951266936
      vertex -1830.1769422834032 1200 629.805722012238
    endloop
  endfacet
  facet normal -0.10973431109104034 0 -0.9939609554551803
    outer loop
      vertex -1760.6294442764938 1150 623.2315478616995
      vertex -1795.3515555898125 1150 627.064904638625
      vertex -1795.3515555898125 1200 627.064904638625
    endloop
  endfacet
  facet normal -0.07845909572784743 0 -0.9969173337331277
    outer loop
      vertex -1795.3515555898125 1150 627.064904638625
      vertex -1830.1769422834032 1200 629.805722012238
      vertex -1795.3515555898125 1200 627.064904638625
    endloop
  endfacet
  facet normal -0.10973431109104034 0 -0.9939609554551803
    outer loop
      vertex -1760.6294442764938 1150 623.2315478616995
      vertex -1795.3515555898125 1200 627.064904638625
      vertex -1760.6294442764938 1200 623.2315478616995
    endloop
  endfacet
  facet normal -0.14090123193758433 0 -0.9900236577165573
    outer loop
      vertex -1726.0448748752633 1150 618.3094347417932
      vertex -1760.6294442764938 1150 623.2315478616995
      vertex -1760.6294442764938 1200 623.2315478616995
    endloop
  endfacet
  facet normal -0.17192910027941155 0 -0.9851093261547736
    outer loop
      vertex -1691.631978180674 1150 612.3034228103018
      vertex -1726.0448748752633 1150 618.3094347417932
      vertex -1726.0448748752633 1200 618.3094347417932
    endloop
  endfacet
  facet normal -0.14090123193758433 0 -0.9900236577165573
    outer loop
      vertex -1726.0448748752633 1150 618.3094347417932
      vertex -1760.6294442764938 1200 623.2315478616995
      vertex -1726.0448748752633 1200 618.3094347417932
    endloop
  endfacet
  facet normal -0.17192910027941155 0 -0.9851093261547736
    outer loop
      vertex -1691.631978180674 1150 612.3034228103018
      vertex -1726.0448748752633 1200 618.3094347417932
      vertex -1691.631978180674 1200 612.3034228103018
    endloop
  endfacet
  facet normal -0.23344536385590292 0 -0.9723699203976771
    outer loop
      vertex -1657.4247155670444 1150 605.219439275887
      vertex -1657.4247155670444 1200 605.219439275887
      vertex -1623.4568454726814 1150 597.0644751750378
    endloop
  endfacet
  facet normal -0.2027872953565134 0 -0.9792228106217656
    outer loop
      vertex -1657.4247155670444 1150 605.219439275887
      vertex -1691.631978180674 1150 612.3034228103018
      vertex -1691.631978180674 1200 612.3034228103018
    endloop
  endfacet
  facet normal -0.23344536385590292 0 -0.9723699203976771
    outer loop
      vertex -1623.4568454726814 1150 597.0644751750378
      vertex -1657.4247155670444 1200 605.219439275887
      vertex -1623.4568454726814 1200 597.0644751750378
    endloop
  endfacet
  facet normal -0.2027872953565134 0 -0.9792228106217656
    outer loop
      vertex -1657.4247155670444 1150 605.219439275887
      vertex -1691.631978180674 1200 612.3034228103018
      vertex -1657.4247155670444 1200 605.219439275887
    endloop
  endfacet
  facet normal 0 -1 0
    outer loop
      vertex -1625 1150 1015
      vertex -1795.3515555898125 1150 627.064904638625
      vertex -1760.6294442764938 1150 623.2315478616995
    endloop
  endfacet
  facet normal 0 -1 0
    outer loop
      vertex -1625 1150 1015
      vertex -1760.6294442764938 1150 623.2315478616995
      vertex -1726.0448748752633 1150 618.3094347417932
    endloop
  endfacet
  facet normal 0 -1 0
    outer loop
      vertex -1625 1150 1015
      vertex -1691.631978180674 1150 612.3034228103018
      vertex -1657.4247155670444 1150 605.219439275887
    endloop
  endfacet
  facet normal 0 -1 0
    outer loop
      vertex -1625 1150 1015
      vertex -1657.4247155670444 1150 605.219439275887
      vertex -1623.4568454726814 1150 597.0644751750378
    endloop
  endfacet
  facet normal 0 -1 0
    outer loop
      vertex -1625 1150 1015
      vertex -1726.0448748752633 1150 618.3094347417932
      vertex -1691.631978180674 1150 612.3034228103018
    endloop
  endfacet
  facet normal 0 -1 0
    outer loop
      vertex -1625 1150 1015
      vertex -1490.6454974146382 1150 553.9114523077355
      vertex -1458.3715456141238 1150 540.543143760587
    endloop
  endfacet
  facet normal -0.2638730499653753 0 -0.9645574184577974
    outer loop
      vertex -1589.7618900843772 1150 587.8465784727607
      vertex -1623.4568454726814 1150 597.0644751750378
      vertex -1623.4568454726814 1200 597.0644751750378
    endloop
  endfacet
  facet normal -0.29404032523230716 0 -0.9557930147983291
    outer loop
      vertex -1556.3731022550585 1150 577.5748461202106
      vertex -1589.7618900843772 1150 587.8465784727607
      vertex -1589.7618900843772 1200 587.8465784727607
    endloop
  endfacet
  facet normal -0.2638730499653753 0 -0.9645574184577974
    outer loop
      vertex -1589.7618900843772 1150 587.8465784727607
      vertex -1623.4568454726814 1200 597.0644751750378
      vertex -1589.7618900843772 1200 587.8465784727607
    endloop
  endfacet
  facet normal -0.32391741819814196 0 -0.9460853588275479
    outer loop
      vertex -1556.3731022550585 1150 577.5748461202106
      vertex -1556.3731022550585 1200 577.5748461202106
      vertex -1523.3234326872357 1150 566.2594150770988
    endloop
  endfacet
  facet normal -0.29404032523230716 0 -0.9557930147983291
    outer loop
      vertex -1556.3731022550585 1150 577.5748461202106
      vertex -1589.7618900843772 1200 587.8465784727607
      vertex -1556.3731022550585 1200 577.5748461202106
    endloop
  endfacet
  facet normal -0.32391741819814196 0 -0.9460853588275479
    outer loop
      vertex -1556.3731022550585 1200 577.5748461202106
      vertex -1523.3234326872357 1200 566.2594150770988
      vertex -1523.3234326872357 1150 566.2594150770988
    endloop
  endfacet
  facet normal 0 -1 0
    outer loop
      vertex -1625 1150 1015
      vertex -1395.162564289624 1150 510.79925489746506
      vertex -1364.2899143988925 1150 494.45302820877623
    endloop
  endfacet
  facet normal 0 -1 0
    outer loop
      vertex -1625 1150 1015
      vertex -1426.5334277796394 1150 526.1676823422138
      vertex -1395.162564289624 1150 510.79925489746506
    endloop
  endfacet
  facet normal 0 -1 0
    outer loop
      vertex -1625 1150 1015
      vertex -1458.3715456141238 1150 540.543143760587
      vertex -1426.5334277796394 1150 526.1676823422138
    endloop
  endfacet
  facet normal 0 -1 0
    outer loop
      vertex -1625 1150 1015
      vertex -1623.4568454726814 1150 597.0644751750378
      vertex -1589.7618900843772 1150 587.8465784727607
    endloop
  endfacet
  facet normal 0 -1 0
    outer loop
      vertex -1625 1150 1015
      vertex -1589.7618900843772 1150 587.8465784727607
      vertex -1556.3731022550585 1150 577.5748461202106
    endloop
  endfacet
  facet normal 0 -1 0
    outer loop
      vertex -1625 1150 1015
      vertex -1556.3731022550585 1150 577.5748461202106
      vertex -1523.3234326872357 1150 566.2594150770988
    endloop
  endfacet
  facet normal 0 -1 0
    outer loop
      vertex -1625 1150 1015
      vertex -1523.3234326872357 1150 566.2594150770988
      vertex -1490.6454974146382 1150 553.9114523077355
    endloop
  endfacet
  facet normal 0 0 1
    outer loop
      vertex -1625 1150 1015
      vertex -1625 1200 1015
      vertex -2275 1150 1015
    endloop
  endfacet
  facet normal 0 1 0
    outer loop
      vertex -1625 1200 1015
      vertex -1830.1769422834032 1200 629.805722012238
      vertex -1865.071235905121 1200 631.4512951266936
    endloop
  endfacet
  facet normal 0 1 0
    outer loop
      vertex -1625 1200 1015
      vertex -1795.3515555898125 1200 627.064904638625
      vertex -1830.1769422834032 1200 629.805722012238
    endloop
  endfacet
  facet normal 0 1 0
    outer loop
      vertex -1625 1200 1015
      vertex -1760.6294442764938 1200 623.2315478616995
      vertex -1795.3515555898125 1200 627.064904638625
    endloop
  endfacet
  facet normal 0 1 0
    outer loop
      vertex -1625 1200 1015
      vertex -1726.0448748752633 1200 618.3094347417932
      vertex -1760.6294442764938 1200 623.2315478616995
    endloop
  endfacet
  facet normal 0 1 0
    outer loop
      vertex -1625 1200 1015
      vertex -1657.4247155670444 1200 605.219439275887
      vertex -1691.631978180674 1200 612.3034228103018
    endloop
  endfacet
  facet normal 0 1 0
    outer loop
      vertex -1625 1200 1015
      vertex -1623.4568454726814 1200 597.0644751750378
      vertex -1657.4247155670444 1200 605.219439275887
    endloop
  endfacet
  facet normal 0 1 0
    outer loop
      vertex -1625 1200 1015
      vertex -1691.631978180674 1200 612.3034228103018
      vertex -1726.0448748752633 1200 618.3094347417932
    endloop
  endfacet
  facet normal 0 1 0
    outer loop
      vertex -1625 1200 1015
      vertex -1589.7618900843772 1200 587.8465784727607
      vertex -1623.4568454726814 1200 597.0644751750378
    endloop
  endfacet
  facet normal 0 1 0
    outer loop
      vertex -1625 1200 1015
      vertex -1556.3731022550585 1200 577.5748461202106
      vertex -1589.7618900843772 1200 587.8465784727607
    endloop
  endfacet
  facet normal -0.8837656300886935 0 -0.46792981426057323
    outer loop
      vertex -909.2007451025349 1150 24.837435710375985
      vertex -925.5469717912238 1150 55.710085601107494
      vertex -925.5469717912238 1200 55.710085601107494
    endloop
  endfacet
  facet normal -0.8837656300886935 0 -0.46792981426057323
    outer loop
      vertex -909.2007451025349 1150 24.837435710375985
      vertex -925.5469717912238 1200 55.710085601107494
      vertex -909.2007451025349 1200 24.837435710375985
    endloop
  endfacet
  facet normal -0.8686315144381924 0 -0.49545866843240555
    outer loop
      vertex -925.5469717912238 1150 55.710085601107494
      vertex -942.8548659716146 1200 86.05405431441284
      vertex -925.5469717912238 1200 55.710085601107494
    endloop
  endfacet
  facet normal -0.8358073613682718 0 -0.5490228179981294
    outer loop
      vertex -980.2864014066871 1150 145.03671617156908
      vertex -980.2864014066871 1200 145.03671617156908
      vertex -961.1073468417594 1150 115.8393960166444
    endloop
  endfacet
  facet normal -0.8358073613682718 0 -0.5490228179981294
    outer loop
      vertex -961.1073468417594 1150 115.8393960166444
      vertex -980.2864014066871 1200 145.03671617156908
      vertex -961.1073468417594 1200 115.8393960166444
    endloop
  endfacet
  facet normal -0.8686315144381924 0 -0.49545866843240555
    outer loop
      vertex -942.8548659716146 1150 86.05405431441284
      vertex -942.8548659716146 1200 86.05405431441284
      vertex -925.5469717912238 1150 55.710085601107494
    endloop
  endfacet
  facet normal -0.8526401643540903 0 -0.522498564715952
    outer loop
      vertex -961.1073468417594 1150 115.8393960166444
      vertex -961.1073468417594 1200 115.8393960166444
      vertex -942.8548659716146 1150 86.05405431441284
    endloop
  endfacet
  facet normal -0.8526401643540903 0 -0.522498564715952
    outer loop
      vertex -942.8548659716146 1150 86.05405431441284
      vertex -961.1073468417594 1200 115.8393960166444
      vertex -942.8548659716146 1200 86.05405431441284
    endloop
  endfacet
  facet normal -0.7804304073383285 0 -0.6252426563357067
    outer loop
      vertex -1021.3476262382325 1150 201.55264366211009
      vertex -1043.1892740333224 1200 228.81547660054287
      vertex -1021.3476262382325 1200 201.55264366211009
    endloop
  endfacet
  facet normal -0.7604059656000315 0 -0.649448048330183
    outer loop
      vertex -1065.876490570929 1150 255.3787942399009
      vertex -1065.876490570929 1200 255.3787942399009
      vertex -1043.1892740333224 1150 228.81547660054287
    endloop
  endfacet
  facet normal -0.7804304073383285 0 -0.6252426563357067
    outer loop
      vertex -1021.3476262382325 1150 201.55264366211009
      vertex -1043.1892740333224 1150 228.81547660054287
      vertex -1043.1892740333224 1200 228.81547660054287
    endloop
  endfacet
  facet normal -0.7396310949786089 0 -0.6730125135097742
    outer loop
      vertex -1065.876490570929 1150 255.3787942399009
      vertex -1089.3868863073903 1150 281.21638179270167
      vertex -1089.3868863073903 1200 281.21638179270167
    endloop
  endfacet
  facet normal -0.7604059656000315 0 -0.649448048330183
    outer loop
      vertex -1043.1892740333224 1150 228.81547660054287
      vertex -1065.876490570929 1200 255.3787942399009
      vertex -1043.1892740333224 1200 228.81547660054287
    endloop
  endfacet
  facet normal -0.7396310949786089 0 -0.6730125135097742
    outer loop
      vertex -1065.876490570929 1150 255.3787942399009
      vertex -1089.3868863073903 1200 281.21638179270167
      vertex -1065.876490570929 1200 255.3787942399009
    endloop
  endfacet
  facet normal -0.8181497174250225 0 -0.5750052520432798
    outer loop
      vertex -1000.3731022550585 1150 173.61720054923012
      vertex -1000.3731022550585 1200 173.61720054923012
      vertex -980.2864014066871 1150 145.03671617156908
    endloop
  endfacet
  facet normal -0.799684658487091 0 -0.6004202253258833
    outer loop
      vertex -1021.3476262382325 1150 201.55264366211009
      vertex -1021.3476262382325 1200 201.55264366211009
      vertex -1000.3731022550585 1150 173.61720054923012
    endloop
  endfacet
  facet normal -0.8181497174250225 0 -0.5750052520432798
    outer loop
      vertex -980.2864014066871 1150 145.03671617156908
      vertex -1000.3731022550585 1200 173.61720054923012
      vertex -980.2864014066871 1200 145.03671617156908
    endloop
  endfacet
  facet normal -0.799684658487091 0 -0.6004202253258833
    outer loop
      vertex -1000.3731022550585 1150 173.61720054923012
      vertex -1021.3476262382325 1200 201.55264366211009
      vertex -1000.3731022550585 1200 173.61720054923012
    endloop
  endfacet
  facet normal -0.6730125135097709 0 -0.739631094978612
    outer loop
      vertex -1138.7836182072983 1150 330.6131136926098
      vertex -1164.6212057600992 1150 354.12350942907096
      vertex -1164.6212057600992 1200 354.12350942907096
    endloop
  endfacet
  facet normal -0.6252426563357063 0 -0.7804304073383288
    outer loop
      vertex -1218.44735633789 1150 398.65237376176754
      vertex -1218.44735633789 1200 398.65237376176754
      vertex -1191.1845233994572 1150 376.81072596667775
    endloop
  endfacet
  facet normal -0.6004202253258833 0 -0.799684658487091
    outer loop
      vertex -1218.44735633789 1150 398.65237376176754
      vertex -1246.3827994507699 1150 419.6268977449415
      vertex -1246.3827994507699 1200 419.6268977449415
    endloop
  endfacet
  facet normal -0.6004202253258833 0 -0.799684658487091
    outer loop
      vertex -1218.44735633789 1150 398.65237376176754
      vertex -1246.3827994507699 1200 419.6268977449415
      vertex -1218.44735633789 1200 398.65237376176754
    endloop
  endfacet
  facet normal -0.6494480483301849 0 -0.7604059656000299
    outer loop
      vertex -1191.1845233994572 1150 376.81072596667775
      vertex -1191.1845233994572 1200 376.81072596667775
      vertex -1164.6212057600992 1150 354.12350942907096
    endloop
  endfacet
  facet normal -0.6252426563357063 0 -0.7804304073383288
    outer loop
      vertex -1191.1845233994572 1150 376.81072596667775
      vertex -1218.44735633789 1200 398.65237376176754
      vertex -1191.1845233994572 1200 376.81072596667775
    endloop
  endfacet
  facet normal -0.6494480483301849 0 -0.7604059656000299
    outer loop
      vertex -1164.6212057600992 1150 354.12350942907096
      vertex -1191.1845233994572 1200 376.81072596667775
      vertex -1164.6212057600992 1200 354.12350942907096
    endloop
  endfacet
  facet normal -0.49545866843240416 0 -0.8686315144381932
    outer loop
      vertex -1333.945945685587 1150 477.1451340283854
      vertex -1364.2899143988925 1150 494.45302820877623
      vertex -1364.2899143988925 1200 494.45302820877623
    endloop
  endfacet
  facet normal -0.49545866843240416 0 -0.8686315144381932
    outer loop
      vertex -1333.945945685587 1150 477.1451340283854
      vertex -1364.2899143988925 1200 494.45302820877623
      vertex -1333.945945685587 1200 477.1451340283854
    endloop
  endfacet
  facet normal -0.5490228179981324 0 -0.8358073613682699
    outer loop
      vertex -1274.963283828431 1150 439.7135985933129
      vertex -1304.1606039833555 1150 458.8926531582406
      vertex -1304.1606039833555 1200 458.8926531582406
    endloop
  endfacet
  facet normal -0.522498564715952 0 -0.8526401643540903
    outer loop
      vertex -1333.945945685587 1150 477.1451340283854
      vertex -1333.945945685587 1200 477.1451340283854
      vertex -1304.1606039833555 1150 458.8926531582406
    endloop
  endfacet
  facet normal -0.5490228179981324 0 -0.8358073613682699
    outer loop
      vertex -1274.963283828431 1150 439.7135985933129
      vertex -1304.1606039833555 1200 458.8926531582406
      vertex -1274.963283828431 1200 439.7135985933129
    endloop
  endfacet
  facet normal -0.522498564715952 0 -0.8526401643540903
    outer loop
      vertex -1304.1606039833555 1150 458.8926531582406
      vertex -1333.945945685587 1200 477.1451340283854
      vertex -1304.1606039833555 1200 458.8926531582406
    endloop
  endfacet
  facet normal -0.46792981426057323 0 -0.8837656300886935
    outer loop
      vertex -1395.162564289624 1150 510.79925489746506
      vertex -1395.162564289624 1200 510.79925489746506
      vertex -1364.2899143988925 1150 494.45302820877623
    endloop
  endfacet
  facet normal -0.46792981426057323 0 -0.8837656300886935
    outer loop
      vertex -1364.2899143988925 1150 494.45302820877623
      vertex -1395.162564289624 1200 510.79925489746506
      vertex -1364.2899143988925 1200 494.45302820877623
    endloop
  endfacet
  facet normal -0.5750052520432782 0 -0.8181497174250236
    outer loop
      vertex -1274.963283828431 1150 439.7135985933129
      vertex -1274.963283828431 1200 439.7135985933129
      vertex -1246.3827994507699 1150 419.6268977449415
    endloop
  endfacet
  facet normal -0.5750052520432782 0 -0.8181497174250236
    outer loop
      vertex -1246.3827994507699 1150 419.6268977449415
      vertex -1274.963283828431 1200 439.7135985933129
      vertex -1246.3827994507699 1200 419.6268977449415
    endloop
  endfacet
  facet normal -0.7181262977631913 0 -0.6959127965923119
    outer loop
      vertex -1113.6972593205592 1150 306.30274067944094
      vertex -1113.6972593205592 1200 306.30274067944094
      vertex -1089.3868863073903 1150 281.21638179270167
    endloop
  endfacet
  facet normal -0.6959127965923135 0 -0.7181262977631897
    outer loop
      vertex -1113.6972593205592 1150 306.30274067944094
      vertex -1138.7836182072983 1150 330.6131136926098
      vertex -1138.7836182072983 1200 330.6131136926098
    endloop
  endfacet
  facet normal -0.6959127965923135 0 -0.7181262977631897
    outer loop
      vertex -1113.6972593205592 1150 306.30274067944094
      vertex -1138.7836182072983 1200 330.6131136926098
      vertex -1113.6972593205592 1200 306.30274067944094
    endloop
  endfacet
  facet normal -0.7181262977631913 0 -0.6959127965923119
    outer loop
      vertex -1113.6972593205592 1200 306.30274067944094
      vertex -1089.3868863073903 1200 281.21638179270167
      vertex -1089.3868863073903 1150 281.21638179270167
    endloop
  endfacet
  facet normal -0.6730125135097709 0 -0.739631094978612
    outer loop
      vertex -1138.7836182072983 1150 330.6131136926098
      vertex -1164.6212057600992 1200 354.12350942907096
      vertex -1138.7836182072983 1200 330.6131136926098
    endloop
  endfacet
  facet normal -0.8980275757606161 0 -0.43993916985591425
    outer loop
      vertex -909.2007451025349 1150 24.837435710375985
      vertex -909.2007451025349 1200 24.837435710375985
      vertex -893.8323176577862 1150 -6.533427779639453
    endloop
  endfacet
  facet normal -0.8980275757606161 0 -0.43993916985591425
    outer loop
      vertex -909.2007451025349 1200 24.837435710375985
      vertex -893.8323176577862 1200 -6.533427779639453
      vertex -893.8323176577862 1150 -6.533427779639453
    endloop
  endfacet
  facet normal 1 0 0
    outer loop
      vertex -2275 1150 1665
      vertex -2275 1150 1015
      vertex -2275 1200 1015
    endloop
  endfacet
  facet normal 1 0 0
    outer loop
      vertex -2275 1150 1665
      vertex -2275 1200 1015
      vertex -2275 1200 1665
    endloop
  endfacet
  facet normal -1 0 0
    outer loop
      vertex -2250 700 1640
      vertex -2250 2150 1640
      vertex -2250 700 1040
    endloop
  endfacet
  facet normal 0 0 -1
    outer loop
      vertex -1625 1150 1665
      vertex -2275 1150 1665
      vertex -2275 1200 1665
    endloop
  endfacet
  facet normal 1 0 0
    outer loop
      vertex -1650 700 1640
      vertex -1650 700 1040
      vertex -1650 2150 1040
    endloop
  endfacet
  facet normal -1 0 0
    outer loop
      vertex -1625 1200 1665
      vertex -1625 1200 1015
      vertex -1625 1150 1015
    endloop
  endfacet
  facet normal 0 0 1
    outer loop
      vertex -1650 700 1640
      vertex -1650 2150 1640
      vertex -2250 700 1640
    endloop
  endfacet
  facet normal 0 0 -1
    outer loop
      vertex -1625 1150 1665
      vertex -2275 1200 1665
      vertex -1625 1200 1665
    endloop
  endfacet
  facet normal -1 0 0
    outer loop
      vertex -1625 1150 1665
      vertex -1625 1200 1665
      vertex -1625 1150 1015
    endloop
  endfacet
  facet normal 0 0 1
    outer loop
      vertex 2450 1150 2270
      vertex -4295 1200 2270
      vertex -4295 1150 2270
    endloop
  endfacet
  facet normal 0 -1 0
    outer loop
      vertex 2450 1150 2270
      vertex -4295 1150 2270
      vertex -2275 1150 1665
    endloop
  endfacet
  facet normal 0 1 0
    outer loop
      vertex 2450 1200 2270
      vertex -2275 1200 1665
      vertex -4295 1200 2270
    endloop
  endfacet
  facet normal 0 -1 0
    outer loop
      vertex 2450 1150 2270
      vertex -2275 1150 1665
      vertex -1625 1150 1665
    endloop
  endfacet
  facet normal 0 1 0
    outer loop
      vertex 2450 1200 2270
      vertex -1625 1200 1665
      vertex -2275 1200 1665
    endloop
  endfacet
  facet normal 0 0 -1
    outer loop
      vertex -1650 700 1040
      vertex -2250 2150 1040
      vertex -1650 2150 1040
    endloop
  endfacet
  facet normal 0 -1 0
    outer loop
      vertex 2450 2150 2270
      vertex -1650 2150 1040
      vertex -4295 2150 -2270
    endloop
  endfacet
  facet normal -1 0 0
    outer loop
      vertex -2250 700 1040
      vertex -2250 2150 1640
      vertex -2250 2150 1040
    endloop
  endfacet
  facet normal 0 0 1
    outer loop
      vertex -2250 700 1640
      vertex -1650 2150 1640
      vertex -2250 2150 1640
    endloop
  endfacet
  facet normal 1 0 0
    outer loop
      vertex -1650 700 1640
      vertex -1650 2150 1040
      vertex -1650 2150 1640
    endloop
  endfacet
  facet normal 0 0 1
    outer loop
      vertex 2450 2150 2270
      vertex -4295 2200 2270
      vertex -4295 2150 2270
    endloop
  endfacet
  facet normal 0 -1 0
    outer loop
      vertex 2450 2150 2270
      vertex -4295 2150 2270
      vertex -2250 2150 1640
    endloop
  endfacet
  facet normal 0 -1 0
    outer loop
      vertex 2450 2150 2270
      vertex -2250 2150 1640
      vertex -1650 2150 1640
    endloop
  endfacet
  facet normal 0 -1 0
    outer loop
      vertex 2450 -100 -100
      vertex 2450 -100 -2270
      vertex 3450 -100 -2270
    endloop
  endfacet
  facet normal -1 0 0
    outer loop
      vertex 2450 -100 -100
      vertex 2450 100 -100
      vertex 2450 -100 -2270
    endloop
  endfacet
  facet normal -1 0 0
    outer loop
      vertex 2450 100 -100
      vertex 2450 1150 2270
      vertex 2450 -100 -2270
    endloop
  endfacet
  facet normal 0 -1 0
    outer loop
      vertex 3450 -100 -100
      vertex 2450 -100 -100
      vertex 3450 -100 -2270
    endloop
  endfacet
  facet normal 0 0 1
    outer loop
      vertex 3450 -100 -100
      vertex 2450 100 -100
      vertex 2450 -100 -100
    endloop
  endfacet
  facet normal 0 -1 0
    outer loop
      vertex 2450 100 100
      vertex 2450 100 -100
      vertex 3450 100 -100
    endloop
  endfacet
  facet normal 0 0 1
    outer loop
      vertex 3450 -100 -100
      vertex 3450 100 -100
      vertex 2450 100 -100
    endloop
  endfacet
  facet normal 0 0 -1
    outer loop
      vertex 3450 -100 -2270
      vertex 2450 -100 -2270
      vertex 3450 2200 -2270
    endloop
  endfacet
  facet normal 1 0 0
    outer loop
      vertex 3450 -100 -100
      vertex 3450 -100 -2270
      vertex 3450 2200 -2270
    endloop
  endfacet
  facet normal -1 0 0
    outer loop
      vertex 2450 -100 -2270
      vertex 2450 1150 2270
      vertex 2450 1150 -2270
    endloop
  endfacet
  facet normal 1 0 0
    outer loop
      vertex 3450 -100 -100
      vertex 3450 2200 -2270
      vertex 3450 100 -100
    endloop
  endfacet
  facet normal 1 0 0
    outer loop
      vertex 3450 100 100
      vertex 3450 100 -100
      vertex 3450 2200 -2270
    endloop
  endfacet
  facet normal -1 0 0
    outer loop
      vertex 2450 -100 100
      vertex 2450 1150 2270
      vertex 2450 100 100
    endloop
  endfacet
  facet normal -1 0 0
    outer loop
      vertex 2450 100 100
      vertex 2450 1150 2270
      vertex 2450 100 -100
    endloop
  endfacet
  facet normal 0 0 -1
    outer loop
      vertex 3450 100 100
      vertex 2450 -100 100
      vertex 2450 100 100
    endloop
  endfacet
  facet normal 0 0 -1
    outer loop
      vertex 3450 -100 100
      vertex 2450 -100 100
      vertex 3450 100 100
    endloop
  endfacet
  facet normal 0 -1 0
    outer loop
      vertex 3450 100 100
      vertex 2450 100 100
      vertex 3450 100 -100
    endloop
  endfacet
  facet normal 0 -1 0
    outer loop
      vertex 2450 -100 2270
      vertex 2450 -100 100
      vertex 3450 -100 100
    endloop
  endfacet
  facet normal 1 0 0
    outer loop
      vertex 3450 -100 2270
      vertex 3450 -100 100
      vertex 3450 100 100
    endloop
  endfacet
  facet normal -1 0 0
    outer loop
      vertex 2450 -100 2270
      vertex 2450 1150 2270
      vertex 2450 -100 100
    endloop
  endfacet
  facet normal 0 -1 0
    outer loop
      vertex 3450 -100 2270
      vertex 2450 -100 2270
      vertex 3450 -100 100
    endloop
  endfacet
  facet normal 0 0 1
    outer loop
      vertex 3450 -100 2270
      vertex 2450 1150 2270
      vertex 2450 -100 2270
    endloop
  endfacet
  facet normal 1 0 0
    outer loop
      vertex 3450 -100 2270
      vertex 3450 100 100
      vertex 3450 2200 -2270
    endloop
  endfacet
  facet normal 0 0 1
    outer loop
      vertex 3450 -100 2270
      vertex 2450 1200 2270
      vertex 2450 1150 2270
    endloop
  endfacet
  facet normal 0 -1 0
    outer loop
      vertex 2450 1150 -2270
      vertex -1830.1769422834036 1150 -1589.805722012238
      vertex -1865.0712359051213 1150 -1591.4512951266936
    endloop
  endfacet
  facet normal 0 -1 0
    outer loop
      vertex 2450 1150 -2270
      vertex -1795.351555589812 1150 -1587.064904638625
      vertex -1830.1769422834036 1150 -1589.805722012238
    endloop
  endfacet
  facet normal 0 -1 0
    outer loop
      vertex 2450 1150 -2270
      vertex -1760.6294442764936 1150 -1583.2315478616995
      vertex -1795.351555589812 1150 -1587.064904638625
    endloop
  endfacet
  facet normal 0 -1 0
    outer loop
      vertex 2450 1150 -2270
      vertex -1726.0448748752633 1150 -1578.3094347417932
      vertex -1760.6294442764936 1150 -1583.2315478616995
    endloop
  endfacet
  facet normal 0 -1 0
    outer loop
      vertex 2450 1150 -2270
      vertex -1691.6319781806742 1150 -1572.3034228103018
      vertex -1726.0448748752633 1150 -1578.3094347417932
    endloop
  endfacet
  facet normal 0 -1 0
    outer loop
      vertex 2450 1150 -2270
      vertex -1657.4247155670448 1150 -1565.2194392758872
      vertex -1691.6319781806742 1150 -1572.3034228103018
    endloop
  endfacet
  facet normal 0 -1 0
    outer loop
      vertex 2450 1150 -2270
      vertex -1623.4568454726814 1150 -1557.0644751750378
      vertex -1657.4247155670448 1150 -1565.2194392758872
    endloop
  endfacet
  facet normal 0 -1 0
    outer loop
      vertex 2450 1150 -2270
      vertex -1589.761890084377 1150 -1547.8465784727607
      vertex -1623.4568454726814 1150 -1557.0644751750378
    endloop
  endfacet
  facet normal 0 -1 0
    outer loop
      vertex 2450 1150 -2270
      vertex -1556.3731022550585 1150 -1537.5748461202106
      vertex -1589.761890084377 1150 -1547.8465784727607
    endloop
  endfacet
  facet normal 0 -1 0
    outer loop
      vertex 2450 1150 -2270
      vertex -1523.3234326872362 1150 -1526.2594150770988
      vertex -1556.3731022550585 1150 -1537.5748461202106
    endloop
  endfacet
  facet normal 0 -1 0
    outer loop
      vertex 2450 1150 -2270
      vertex -1490.6454974146382 1150 -1513.9114523077355
      vertex -1523.3234326872362 1150 -1526.2594150770988
    endloop
  endfacet
  facet normal 0 -1 0
    outer loop
      vertex 2450 1150 -2270
      vertex -1458.3715456141238 1150 -1500.543143760587
      vertex -1490.6454974146382 1150 -1513.9114523077355
    endloop
  endfacet
  facet normal 0 -1 0
    outer loop
      vertex 2450 1150 -2270
      vertex -1426.5334277796392 1150 -1486.1676823422135
      vertex -1458.3715456141238 1150 -1500.543143760587
    endloop
  endfacet
  facet normal 0 -1 0
    outer loop
      vertex 2450 1150 -2270
      vertex -1395.162564289624 1150 -1470.799254897465
      vertex -1426.5334277796392 1150 -1486.1676823422135
    endloop
  endfacet
  facet normal 0 -1 0
    outer loop
      vertex 2450 1150 -2270
      vertex -1364.2899143988927 1150 -1454.4530282087762
      vertex -1395.162564289624 1150 -1470.799254897465
    endloop
  endfacet
  facet normal 0 -1 0
    outer loop
      vertex 2450 1150 -2270
      vertex -1333.945945685587 1150 -1437.1451340283854
      vertex -1364.2899143988927 1150 -1454.4530282087762
    endloop
  endfacet
  facet normal 0 -1 0
    outer loop
      vertex 2450 1150 -2270
      vertex -1304.1606039833555 1150 -1418.8926531582406
      vertex -1333.945945685587 1150 -1437.1451340283854
    endloop
  endfacet
  facet normal 0 1 0
    outer loop
      vertex 2450 1200 -2270
      vertex -1865.0712359051213 1200 -1591.4512951266936
      vertex -1830.1769422834036 1200 -1589.805722012238
    endloop
  endfacet
  facet normal 0 1 0
    outer loop
      vertex 2450 1200 -2270
      vertex -1830.1769422834036 1200 -1589.805722012238
      vertex -1795.351555589812 1200 -1587.064904638625
    endloop
  endfacet
  facet normal 0 1 0
    outer loop
      vertex 2450 1200 -2270
      vertex -1795.351555589812 1200 -1587.064904638625
      vertex -1760.6294442764936 1200 -1583.2315478616995
    endloop
  endfacet
  facet normal 0 1 0
    outer loop
      vertex 2450 1200 -2270
      vertex -1760.6294442764936 1200 -1583.2315478616995
      vertex -1726.0448748752633 1200 -1578.3094347417932
    endloop
  endfacet
  facet normal 0 1 0
    outer loop
      vertex 2450 1200 -2270
      vertex -1726.0448748752633 1200 -1578.3094347417932
      vertex -1691.6319781806742 1200 -1572.3034228103018
    endloop
  endfacet
  facet normal 0 1 0
    outer loop
      vertex 2450 1200 -2270
      vertex -1691.6319781806742 1200 -1572.3034228103018
      vertex -1657.4247155670448 1200 -1565.2194392758872
    endloop
  endfacet
  facet normal 0 1 0
    outer loop
      vertex 2450 1200 -2270
      vertex -1657.4247155670448 1200 -1565.2194392758872
      vertex -1623.4568454726814 1200 -1557.0644751750378
    endloop
  endfacet
  facet normal 0 1 0
    outer loop
      vertex 2450 1200 -2270
      vertex -1623.4568454726814 1200 -1557.0644751750378
      vertex -1589.761890084377 1200 -1547.8465784727607
    endloop
  endfacet
  facet normal 0 1 0
    outer loop
      vertex 2450 1200 -2270
      vertex -1589.761890084377 1200 -1547.8465784727607
      vertex -1556.3731022550585 1200 -1537.5748461202106
    endloop
  endfacet
  facet normal 0 1 0
    outer loop
      vertex 2450 1200 -2270
      vertex -1556.3731022550585 1200 -1537.5748461202106
      vertex -1523.3234326872362 1200 -1526.2594150770988
    endloop
  endfacet
  facet normal 0 1 0
    outer loop
      vertex 2450 1200 -2270
      vertex -1523.3234326872362 1200 -1526.2594150770988
      vertex -1490.6454974146382 1200 -1513.9114523077355
    endloop
  endfacet
  facet normal 0 1 0
    outer loop
      vertex 2450 1200 -2270
      vertex -1490.6454974146382 1200 -1513.9114523077355
      vertex -1458.3715456141238 1200 -1500.543143760587
    endloop
  endfacet
  facet normal 0 1 0
    outer loop
      vertex 2450 1200 -2270
      vertex -1458.3715456141238 1200 -1500.543143760587
      vertex -1426.5334277796392 1200 -1486.1676823422135
    endloop
  endfacet
  facet normal 0 1 0
    outer loop
      vertex 2450 1200 -2270
      vertex -1426.5334277796392 1200 -1486.1676823422135
      vertex -1395.162564289624 1200 -1470.799254897465
    endloop
  endfacet
  facet normal 0 1 0
    outer loop
      vertex 2450 1200 -2270
      vertex -1395.162564289624 1200 -1470.799254897465
      vertex -1364.2899143988927 1200 -1454.4530282087762
    endloop
  endfacet
  facet normal 0 1 0
    outer loop
      vertex 2450 1200 -2270
      vertex -1364.2899143988927 1200 -1454.4530282087762
      vertex -1333.945945685587 1200 -1437.1451340283854
    endloop
  endfacet
  facet normal 0 1 0
    outer loop
      vertex 2450 1200 -2270
      vertex -1333.945945685587 1200 -1437.1451340283854
      vertex -1304.1606039833555 1200 -1418.8926531582406
    endloop
  endfacet
  facet normal 0 0 -1
    outer loop
      vertex 2450 1150 -2270
      vertex -4295 1150 -2270
      vertex 2450 1200 -2270
    endloop
  endfacet
  facet normal 0 -1 0
    outer loop
      vertex 2450 1150 -2270
      vertex -1274.9632838284308 1150 -1399.7135985933128
      vertex -1304.1606039833555 1150 -1418.8926531582406
    endloop
  endfacet
  facet normal 0 -1 0
    outer loop
      vertex 2450 1150 -2270
      vertex -1246.3827994507699 1150 -1379.6268977449415
      vertex -1274.9632838284308 1150 -1399.7135985933128
    endloop
  endfacet
  facet normal 0 -1 0
    outer loop
      vertex 2450 1150 -2270
      vertex -1218.4473563378901 1150 -1358.6523737617676
      vertex -1246.3827994507699 1150 -1379.6268977449415
    endloop
  endfacet
  facet normal 0 -1 0
    outer loop
      vertex 2450 1150 -2270
      vertex -1191.1845233994572 1150 -1336.8107259666776
      vertex -1218.4473563378901 1150 -1358.6523737617676
    endloop
  endfacet
  facet normal 0 -1 0
    outer loop
      vertex 2450 1150 -2270
      vertex -1164.6212057600992 1150 -1314.123509429071
      vertex -1191.1845233994572 1150 -1336.8107259666776
    endloop
  endfacet
  facet normal 0 -1 0
    outer loop
      vertex 2450 1150 -2270
      vertex -1138.7836182072983 1150 -1290.6131136926097
      vertex -1164.6212057600992 1150 -1314.123509429071
    endloop
  endfacet
  facet normal 0 1 0
    outer loop
      vertex 2450 1200 -2270
      vertex -1304.1606039833555 1200 -1418.8926531582406
      vertex -1274.9632838284308 1200 -1399.7135985933128
    endloop
  endfacet
  facet normal 0 1 0
    outer loop
      vertex 2450 1200 -2270
      vertex -1274.9632838284308 1200 -1399.7135985933128
      vertex -1246.3827994507699 1200 -1379.6268977449415
    endloop
  endfacet
  facet normal 0 1 0
    outer loop
      vertex 2450 1200 -2270
      vertex -1246.3827994507699 1200 -1379.6268977449415
      vertex -1218.4473563378901 1200 -1358.6523737617676
    endloop
  endfacet
  facet normal 0 1 0
    outer loop
      vertex 2450 1200 -2270
      vertex -1218.4473563378901 1200 -1358.6523737617676
      vertex -1191.1845233994572 1200 -1336.8107259666776
    endloop
  endfacet
  facet normal 0 1 0
    outer loop
      vertex 2450 1200 -2270
      vertex -1191.1845233994572 1200 -1336.8107259666776
      vertex -1164.6212057600992 1200 -1314.123509429071
    endloop
  endfacet
  facet normal 0 1 0
    outer loop
      vertex 2450 1200 -2270
      vertex -1164.6212057600992 1200 -1314.123509429071
      vertex -1138.7836182072983 1200 -1290.6131136926097
    endloop
  endfacet
  facet normal 0 -1 0
    outer loop
      vertex 2450 1150 -2270
      vertex -1113.6972593205592 1150 -1266.3027406794408
      vertex -1138.7836182072983 1150 -1290.6131136926097
    endloop
  endfacet
  facet normal 0 -1 0
    outer loop
      vertex 2450 1150 -2270
      vertex -1089.3868863073903 1150 -1241.2163817927017
      vertex -1113.6972593205592 1150 -1266.3027406794408
    endloop
  endfacet
  facet normal 0 -1 0
    outer loop
      vertex 2450 1150 -2270
      vertex -1065.876490570929 1150 -1215.3787942399008
      vertex -1089.3868863073903 1150 -1241.2163817927017
    endloop
  endfacet
  facet normal 0 -1 0
    outer loop
      vertex 2450 1150 -2270
      vertex -1043.1892740333224 1150 -1188.8154766005428
      vertex -1065.876490570929 1150 -1215.3787942399008
    endloop
  endfacet
  facet normal 0 -1 0
    outer loop
      vertex 2450 1150 -2270
      vertex -1021.3476262382325 1150 -1161.55264366211
      vertex -1043.1892740333224 1150 -1188.8154766005428
    endloop
  endfacet
  facet normal 0 -1 0
    outer loop
      vertex 2450 1150 -2270
      vertex -1000.3731022550585 1150 -1133.6172005492301
      vertex -1021.3476262382325 1150 -1161.55264366211
    endloop
  endfacet
  facet normal 0 -1 0
    outer loop
      vertex 2450 1150 -2270
      vertex -980.2864014066871 1150 -1105.036716171569
      vertex -1000.3731022550585 1150 -1133.6172005492301
    endloop
  endfacet
  facet normal 0 -1 0
    outer loop
      vertex 2450 1150 -2270
      vertex -961.1073468417594 1150 -1075.8393960166445
      vertex -980.2864014066871 1150 -1105.036716171569
    endloop
  endfacet
  facet normal 0 -1 0
    outer loop
      vertex 2450 1150 -2270
      vertex -942.8548659716146 1150 -1046.054054314413
      vertex -961.1073468417594 1150 -1075.8393960166445
    endloop
  endfacet
  facet normal 0 -1 0
    outer loop
      vertex 2450 1150 -2270
      vertex -925.5469717912238 1150 -1015.7100856011075
      vertex -942.8548659716146 1150 -1046.054054314413
    endloop
  endfacet
  facet normal 0 -1 0
    outer loop
      vertex 2450 1150 -2270
      vertex -909.2007451025349 1150 -984.837435710376
      vertex -925.5469717912238 1150 -1015.7100856011075
    endloop
  endfacet
  facet normal 0 -1 0
    outer loop
      vertex 2450 1150 -2270
      vertex -893.8323176577862 1150 -953.4665722203606
      vertex -909.2007451025349 1150 -984.837435710376
    endloop
  endfacet
  facet normal 0 -1 0
    outer loop
      vertex 2450 1150 -2270
      vertex -879.456856239413 1150 -921.6284543858762
      vertex -893.8323176577862 1150 -953.4665722203606
    endloop
  endfacet
  facet normal 0 -1 0
    outer loop
      vertex 2450 1150 -2270
      vertex -866.0885476922645 1150 -889.3545025853618
      vertex -879.456856239413 1150 -921.6284543858762
    endloop
  endfacet
  facet normal 0 -1 0
    outer loop
      vertex 2450 1150 -2270
      vertex -853.7405849229012 1150 -856.6765673127643
      vertex -866.0885476922645 1150 -889.3545025853618
    endloop
  endfacet
  facet normal 0 -1 0
    outer loop
      vertex 2450 1150 -2270
      vertex -842.4251538797894 1150 -823.6268977449415
      vertex -853.7405849229012 1150 -856.6765673127643
    endloop
  endfacet
  facet normal 0 -1 0
    outer loop
      vertex 2450 1150 -2270
      vertex -832.1534215272393 1150 -790.2381099156228
      vertex -842.4251538797894 1150 -823.6268977449415
    endloop
  endfacet
  facet normal 0 -1 0
    outer loop
      vertex 2450 1150 -2270
      vertex -822.9355248249622 1150 -756.5431545273186
      vertex -832.1534215272393 1150 -790.2381099156228
    endloop
  endfacet
  facet normal 0 -1 0
    outer loop
      vertex 2450 1150 -2270
      vertex -814.7805607241128 1150 -722.5752844329552
      vertex -822.9355248249622 1150 -756.5431545273186
    endloop
  endfacet
  facet normal 0 -1 0
    outer loop
      vertex 2450 1150 -2270
      vertex -807.6965771896982 1150 -688.368021819326
      vertex -814.7805607241128 1150 -722.5752844329552
    endloop
  endfacet
  facet normal 0 -1 0
    outer loop
      vertex 2450 1150 -2270
      vertex -801.6905652582068 1150 -653.9551251247367
      vertex -807.6965771896982 1150 -688.368021819326
    endloop
  endfacet
  facet normal 0 -1 0
    outer loop
      vertex 2450 1150 -2270
      vertex -796.7684521383005 1150 -619.3705557235062
      vertex -801.6905652582068 1150 -653.9551251247367
    endloop
  endfacet
  facet normal 0 -1 0
    outer loop
      vertex 2450 1150 -2270
      vertex -792.935095361375 1150 -584.6484444101881
      vertex -796.7684521383005 1150 -619.3705557235062
    endloop
  endfacet
  facet normal 0 1 0
    outer loop
      vertex 2450 1200 -2270
      vertex -1138.7836182072983 1200 -1290.6131136926097
      vertex -1113.6972593205592 1200 -1266.3027406794408
    endloop
  endfacet
  facet normal 0 1 0
    outer loop
      vertex 2450 1200 -2270
      vertex -1113.6972593205592 1200 -1266.3027406794408
      vertex -1089.3868863073903 1200 -1241.2163817927017
    endloop
  endfacet
  facet normal 0 1 0
    outer loop
      vertex 2450 1200 -2270
      vertex -1089.3868863073903 1200 -1241.2163817927017
      vertex -1065.876490570929 1200 -1215.3787942399008
    endloop
  endfacet
  facet normal 0 1 0
    outer loop
      vertex 2450 1200 -2270
      vertex -1065.876490570929 1200 -1215.3787942399008
      vertex -1043.1892740333224 1200 -1188.8154766005428
    endloop
  endfacet
  facet normal 0 1 0
    outer loop
      vertex 2450 1200 -2270
      vertex -1043.1892740333224 1200 -1188.8154766005428
      vertex -1021.3476262382325 1200 -1161.55264366211
    endloop
  endfacet
  facet normal 0 1 0
    outer loop
      vertex 2450 1200 -2270
      vertex -1021.3476262382325 1200 -1161.55264366211
      vertex -1000.3731022550585 1200 -1133.6172005492301
    endloop
  endfacet
  facet normal 0 1 0
    outer loop
      vertex 2450 1200 -2270
      vertex -1000.3731022550585 1200 -1133.6172005492301
      vertex -980.2864014066871 1200 -1105.036716171569
    endloop
  endfacet
  facet normal 0 1 0
    outer loop
      vertex 2450 1200 -2270
      vertex -980.2864014066871 1200 -1105.036716171569
      vertex -961.1073468417594 1200 -1075.8393960166445
    endloop
  endfacet
  facet normal 0 1 0
    outer loop
      vertex 2450 1200 -2270
      vertex -961.1073468417594 1200 -1075.8393960166445
      vertex -942.8548659716146 1200 -1046.054054314413
    endloop
  endfacet
  facet normal 0 1 0
    outer loop
      vertex 2450 1200 -2270
      vertex -942.8548659716146 1200 -1046.054054314413
      vertex -925.5469717912238 1200 -1015.7100856011075
    endloop
  endfacet
  facet normal 0 1 0
    outer loop
      vertex 2450 1200 -2270
      vertex -925.5469717912238 1200 -1015.7100856011075
      vertex -909.2007451025349 1200 -984.837435710376
    endloop
  endfacet
  facet normal 0 1 0
    outer loop
      vertex 2450 1200 -2270
      vertex -909.2007451025349 1200 -984.837435710376
      vertex -893.8323176577862 1200 -953.4665722203606
    endloop
  endfacet
  facet normal 0 1 0
    outer loop
      vertex 2450 1200 -2270
      vertex -893.8323176577862 1200 -953.4665722203606
      vertex -879.456856239413 1200 -921.6284543858762
    endloop
  endfacet
  facet normal 0 1 0
    outer loop
      vertex 2450 1200 -2270
      vertex -879.456856239413 1200 -921.6284543858762
      vertex -866.0885476922645 1200 -889.3545025853618
    endloop
  endfacet
  facet normal 0 1 0
    outer loop
      vertex 2450 1200 -2270
      vertex -866.0885476922645 1200 -889.3545025853618
      vertex -853.7405849229012 1200 -856.6765673127643
    endloop
  endfacet
  facet normal 0 1 0
    outer loop
      vertex 2450 1200 -2270
      vertex -853.7405849229012 1200 -856.6765673127643
      vertex -842.4251538797894 1200 -823.6268977449415
    endloop
  endfacet
  facet normal 0 1 0
    outer loop
      vertex 2450 1200 -2270
      vertex -842.4251538797894 1200 -823.6268977449415
      vertex -832.1534215272393 1200 -790.2381099156228
    endloop
  endfacet
  facet normal 0 1 0
    outer loop
      vertex 2450 1200 -2270
      vertex -832.1534215272393 1200 -790.2381099156228
      vertex -822.9355248249622 1200 -756.5431545273186
    endloop
  endfacet
  facet normal 0 1 0
    outer loop
      vertex 2450 1200 -2270
      vertex -822.9355248249622 1200 -756.5431545273186
      vertex -814.7805607241128 1200 -722.5752844329552
    endloop
  endfacet
  facet normal 0 1 0
    outer loop
      vertex 2450 1200 -2270
      vertex -814.7805607241128 1200 -722.5752844329552
      vertex -807.6965771896982 1200 -688.368021819326
    endloop
  endfacet
  facet normal 0 1 0
    outer loop
      vertex 2450 1200 -2270
      vertex -807.6965771896982 1200 -688.368021819326
      vertex -801.6905652582068 1200 -653.9551251247367
    endloop
  endfacet
  facet normal 0 1 0
    outer loop
      vertex 2450 1200 -2270
      vertex -801.6905652582068 1200 -653.9551251247367
      vertex -796.7684521383005 1200 -619.3705557235062
    endloop
  endfacet
  facet normal 0 1 0
    outer loop
      vertex 2450 1200 -2270
      vertex -796.7684521383005 1200 -619.3705557235062
      vertex -792.935095361375 1200 -584.6484444101881
    endloop
  endfacet
  facet normal 0 -1 0
    outer loop
      vertex 2450 1150 -2270
      vertex -790.194277987762 1150 -549.8230577165964
      vertex -792.935095361375 1150 -584.6484444101881
    endloop
  endfacet
  facet normal 0 -1 0
    outer loop
      vertex 2450 1150 -2270
      vertex -788.5487048733064 1150 -514.9287640948788
      vertex -790.194277987762 1150 -549.8230577165964
    endloop
  endfacet
  facet normal 0 -1 0
    outer loop
      vertex 2450 1150 -2270
      vertex -788 1150 -480
      vertex -788.5487048733064 1150 -514.9287640948788
    endloop
  endfacet
  facet normal 0 -1 0
    outer loop
      vertex 2450 1150 -2270
      vertex -788.5487048733064 1150 -445.0712359051211
      vertex -788 1150 -480
    endloop
  endfacet
  facet normal 0 -1 0
    outer loop
      vertex 2450 1150 -2270
      vertex -790.194277987762 1150 -410.1769422834036
      vertex -788.5487048733064 1150 -445.0712359051211
    endloop
  endfacet
  facet normal 0 -1 0
    outer loop
      vertex 2450 1150 -2270
      vertex -792.935095361375 1150 -375.35155558981194
      vertex -790.194277987762 1150 -410.1769422834036
    endloop
  endfacet
  facet normal 0 -1 0
    outer loop
      vertex 2450 1150 -2270
      vertex -796.7684521383005 1150 -340.62944427649387
      vertex -792.935095361375 1150 -375.35155558981194
    endloop
  endfacet
  facet normal 0 -1 0
    outer loop
      vertex 2450 1150 -2270
      vertex -801.6905652582068 1150 -306.0448748752633
      vertex -796.7684521383005 1150 -340.62944427649387
    endloop
  endfacet
  facet normal 0 -1 0
    outer loop
      vertex 2450 1150 -2270
      vertex -807.6965771896982 1150 -271.63197818067397
      vertex -801.6905652582068 1150 -306.0448748752633
    endloop
  endfacet
  facet normal 0 -1 0
    outer loop
      vertex 2450 1150 -2270
      vertex -814.7805607241128 1150 -237.42471556704479
      vertex -807.6965771896982 1150 -271.63197818067397
    endloop
  endfacet
  facet normal 0 -1 0
    outer loop
      vertex 2450 1150 -2270
      vertex -822.9355248249622 1150 -203.45684547268138
      vertex -814.7805607241128 1150 -237.42471556704479
    endloop
  endfacet
  facet normal 0 -1 0
    outer loop
      vertex 2450 1150 -2270
      vertex -832.1534215272393 1150 -169.76189008437728
      vertex -822.9355248249622 1150 -203.45684547268138
    endloop
  endfacet
  facet normal 0 -1 0
    outer loop
      vertex 2450 1150 -2270
      vertex -842.4251538797894 1150 -136.37310225505848
      vertex -832.1534215272393 1150 -169.76189008437728
    endloop
  endfacet
  facet normal 0 -1 0
    outer loop
      vertex 2450 1150 -2270
      vertex -853.7405849229012 1150 -103.32343268723577
      vertex -842.4251538797894 1150 -136.37310225505848
    endloop
  endfacet
  facet normal 0 1 0
    outer loop
      vertex 2450 1200 -2270
      vertex -792.935095361375 1200 -584.6484444101881
      vertex -790.194277987762 1200 -549.8230577165964
    endloop
  endfacet
  facet normal 0 1 0
    outer loop
      vertex 2450 1200 -2270
      vertex -790.194277987762 1200 -549.8230577165964
      vertex -788.5487048733064 1200 -514.9287640948788
    endloop
  endfacet
  facet normal 0 1 0
    outer loop
      vertex 2450 1200 -2270
      vertex -788.5487048733064 1200 -514.9287640948788
      vertex -788 1200 -480
    endloop
  endfacet
  facet normal 0 1 0
    outer loop
      vertex 2450 1200 -2270
      vertex -788 1200 -480
      vertex -788.5487048733064 1200 -445.0712359051211
    endloop
  endfacet
  facet normal 0 1 0
    outer loop
      vertex 2450 1200 -2270
      vertex -788.5487048733064 1200 -445.0712359051211
      vertex -790.194277987762 1200 -410.1769422834036
    endloop
  endfacet
  facet normal 0 1 0
    outer loop
      vertex 2450 1200 -2270
      vertex -790.194277987762 1200 -410.1769422834036
      vertex -792.935095361375 1200 -375.35155558981194
    endloop
  endfacet
  facet normal 0 1 0
    outer loop
      vertex 2450 1200 -2270
      vertex -792.935095361375 1200 -375.35155558981194
      vertex -796.7684521383005 1200 -340.62944427649387
    endloop
  endfacet
  facet normal 0 1 0
    outer loop
      vertex 2450 1200 -2270
      vertex -796.7684521383005 1200 -340.62944427649387
      vertex -801.6905652582068 1200 -306.0448748752633
    endloop
  endfacet
  facet normal 0 1 0
    outer loop
      vertex 2450 1200 -2270
      vertex -801.6905652582068 1200 -306.0448748752633
      vertex -807.6965771896982 1200 -271.63197818067397
    endloop
  endfacet
  facet normal 0 1 0
    outer loop
      vertex 2450 1200 -2270
      vertex -807.6965771896982 1200 -271.63197818067397
      vertex -814.7805607241128 1200 -237.42471556704479
    endloop
  endfacet
  facet normal 0 1 0
    outer loop
      vertex 2450 1200 -2270
      vertex -814.7805607241128 1200 -237.42471556704479
      vertex -822.9355248249622 1200 -203.45684547268138
    endloop
  endfacet
  facet normal 0 1 0
    outer loop
      vertex 2450 1200 -2270
      vertex -822.9355248249622 1200 -203.45684547268138
      vertex -832.1534215272393 1200 -169.76189008437728
    endloop
  endfacet
  facet normal 0 1 0
    outer loop
      vertex 2450 1200 -2270
      vertex -832.1534215272393 1200 -169.76189008437728
      vertex -842.4251538797894 1200 -136.37310225505848
    endloop
  endfacet
  facet normal 0 1 0
    outer loop
      vertex 2450 1200 -2270
      vertex -866.0885476922645 1200 -70.64549741463821
      vertex -879.456856239413 1200 -38.37154561412382
    endloop
  endfacet
  facet normal 0 1 0
    outer loop
      vertex 2450 1200 -2270
      vertex -842.4251538797894 1200 -136.37310225505848
      vertex -853.7405849229012 1200 -103.32343268723577
    endloop
  endfacet
  facet normal 0 1 0
    outer loop
      vertex 2450 1200 -2270
      vertex -853.7405849229012 1200 -103.32343268723577
      vertex -866.0885476922645 1200 -70.64549741463821
    endloop
  endfacet
  facet normal 0 1 0
    outer loop
      vertex 2450 1200 -2270
      vertex -879.456856239413 1200 -38.37154561412382
      vertex -893.8323176577862 1200 -6.533427779639453
    endloop
  endfacet
  facet normal 0 -1 0
    outer loop
      vertex -853.7405849229012 1150 -103.32343268723577
      vertex 2450 1150 -2270
      vertex 2450 1150 2270
    endloop
  endfacet
  facet normal 0 1 0
    outer loop
      vertex -893.8323176577862 1200 -6.533427779639453
      vertex 2450 1200 2270
      vertex 2450 1200 -2270
    endloop
  endfacet
  facet normal 0 0 -1
    outer loop
      vertex 2450 2150 -2270
      vertex -4295 2150 -2270
      vertex 3450 2200 -2270
    endloop
  endfacet
  facet normal 0 -1 0
    outer loop
      vertex -4295 2150 -2270
      vertex 2450 2150 -2270
      vertex 2450 2150 2270
    endloop
  endfacet
  facet normal 0 0 -1
    outer loop
      vertex 2450 -100 -2270
      vertex 2450 1150 -2270
      vertex 3450 2200 -2270
    endloop
  endfacet
  facet normal 0 0 -1
    outer loop
      vertex 3450 2200 -2270
      vertex 2450 1150 -2270
      vertex 2450 1200 -2270
    endloop
  endfacet
  facet normal 0 0 -1
    outer loop
      vertex 3450 2200 -2270
      vertex 2450 1200 -2270
      vertex 2450 2150 -2270
    endloop
  endfacet
  facet normal -1 0 0
    outer loop
      vertex 2450 1200 -2270
      vertex 2450 2150 2270
      vertex 2450 2150 -2270
    endloop
  endfacet
  facet normal 0 -1 0
    outer loop
      vertex 2450 1150 2270
      vertex -1164.6212057600992 1150 354.12350942907096
      vertex -1138.7836182072983 1150 330.6131136926098
    endloop
  endfacet
  facet normal 0 -1 0
    outer loop
      vertex 2450 1150 2270
      vertex -1364.2899143988925 1150 494.45302820877623
      vertex -1333.945945685587 1150 477.1451340283854
    endloop
  endfacet
  facet normal 0 -1 0
    outer loop
      vertex 2450 1150 2270
      vertex -1333.945945685587 1150 477.1451340283854
      vertex -1304.1606039833555 1150 458.8926531582406
    endloop
  endfacet
  facet normal 0 -1 0
    outer loop
      vertex 2450 1150 2270
      vertex -1304.1606039833555 1150 458.8926531582406
      vertex -1274.963283828431 1150 439.7135985933129
    endloop
  endfacet
  facet normal 0 -1 0
    outer loop
      vertex 2450 1150 2270
      vertex -1274.963283828431 1150 439.7135985933129
      vertex -1246.3827994507699 1150 419.6268977449415
    endloop
  endfacet
  facet normal 0 -1 0
    outer loop
      vertex 2450 1150 2270
      vertex -1246.3827994507699 1150 419.6268977449415
      vertex -1218.44735633789 1150 398.65237376176754
    endloop
  endfacet
  facet normal 0 -1 0
    outer loop
      vertex 2450 1150 2270
      vertex -1218.44735633789 1150 398.65237376176754
      vertex -1191.1845233994572 1150 376.81072596667775
    endloop
  endfacet
  facet normal 0 -1 0
    outer loop
      vertex 2450 1150 2270
      vertex -1191.1845233994572 1150 376.81072596667775
      vertex -1164.6212057600992 1150 354.12350942907096
    endloop
  endfacet
  facet normal 0 1 0
    outer loop
      vertex 2450 1200 2270
      vertex -1490.6454974146382 1200 553.9114523077355
      vertex -1523.3234326872357 1200 566.2594150770988
    endloop
  endfacet
  facet normal 0 1 0
    outer loop
      vertex 2450 1200 2270
      vertex -1138.7836182072983 1200 330.6131136926098
      vertex -1164.6212057600992 1200 354.12350942907096
    endloop
  endfacet
  facet normal 0 1 0
    outer loop
      vertex 2450 1200 2270
      vertex -1458.3715456141238 1200 540.543143760587
      vertex -1490.6454974146382 1200 553.9114523077355
    endloop
  endfacet
  facet normal 0 1 0
    outer loop
      vertex 2450 1200 2270
      vertex -1426.5334277796394 1200 526.1676823422138
      vertex -1458.3715456141238 1200 540.543143760587
    endloop
  endfacet
  facet normal 0 1 0
    outer loop
      vertex 2450 1200 2270
      vertex -1395.162564289624 1200 510.79925489746506
      vertex -1426.5334277796394 1200 526.1676823422138
    endloop
  endfacet
  facet normal 0 1 0
    outer loop
      vertex 2450 1200 2270
      vertex -1364.2899143988925 1200 494.45302820877623
      vertex -1395.162564289624 1200 510.79925489746506
    endloop
  endfacet
  facet normal 0 1 0
    outer loop
      vertex 2450 1200 2270
      vertex -1333.945945685587 1200 477.1451340283854
      vertex -1364.2899143988925 1200 494.45302820877623
    endloop
  endfacet
  facet normal 0 1 0
    outer loop
      vertex 2450 1200 2270
      vertex -1304.1606039833555 1200 458.8926531582406
      vertex -1333.945945685587 1200 477.1451340283854
    endloop
  endfacet
  facet normal 0 1 0
    outer loop
      vertex 2450 1200 2270
      vertex -1274.963283828431 1200 439.7135985933129
      vertex -1304.1606039833555 1200 458.8926531582406
    endloop
  endfacet
  facet normal 0 1 0
    outer loop
      vertex 2450 1200 2270
      vertex -1246.3827994507699 1200 419.6268977449415
      vertex -1274.963283828431 1200 439.7135985933129
    endloop
  endfacet
  facet normal 0 1 0
    outer loop
      vertex 2450 1200 2270
      vertex -1218.44735633789 1200 398.65237376176754
      vertex -1246.3827994507699 1200 419.6268977449415
    endloop
  endfacet
  facet normal 0 1 0
    outer loop
      vertex 2450 1200 2270
      vertex -1191.1845233994572 1200 376.81072596667775
      vertex -1218.44735633789 1200 398.65237376176754
    endloop
  endfacet
  facet normal 0 1 0
    outer loop
      vertex 2450 1200 2270
      vertex -1164.6212057600992 1200 354.12350942907096
      vertex -1191.1845233994572 1200 376.81072596667775
    endloop
  endfacet
  facet normal 0 -1 0
    outer loop
      vertex 2450 1150 2270
      vertex -866.0885476922645 1150 -70.64549741463821
      vertex -853.7405849229012 1150 -103.32343268723577
    endloop
  endfacet
  facet normal 0 -1 0
    outer loop
      vertex 2450 1150 2270
      vertex -961.1073468417594 1150 115.8393960166444
      vertex -942.8548659716146 1150 86.05405431441284
    endloop
  endfacet
  facet normal 0 -1 0
    outer loop
      vertex 2450 1150 2270
      vertex -980.2864014066871 1150 145.03671617156908
      vertex -961.1073468417594 1150 115.8393960166444
    endloop
  endfacet
  facet normal 0 -1 0
    outer loop
      vertex 2450 1150 2270
      vertex -879.456856239413 1150 -38.37154561412382
      vertex -866.0885476922645 1150 -70.64549741463821
    endloop
  endfacet
  facet normal 0 -1 0
    outer loop
      vertex 2450 1150 2270
      vertex -893.8323176577862 1150 -6.533427779639453
      vertex -879.456856239413 1150 -38.37154561412382
    endloop
  endfacet
  facet normal 0 -1 0
    outer loop
      vertex 2450 1150 2270
      vertex -909.2007451025349 1150 24.837435710375985
      vertex -893.8323176577862 1150 -6.533427779639453
    endloop
  endfacet
  facet normal 0 -1 0
    outer loop
      vertex 2450 1150 2270
      vertex -925.5469717912238 1150 55.710085601107494
      vertex -909.2007451025349 1150 24.837435710375985
    endloop
  endfacet
  facet normal 0 -1 0
    outer loop
      vertex 2450 1150 2270
      vertex -942.8548659716146 1150 86.05405431441284
      vertex -925.5469717912238 1150 55.710085601107494
    endloop
  endfacet
  facet normal 0 -1 0
    outer loop
      vertex 2450 1150 2270
      vertex -1065.876490570929 1150 255.3787942399009
      vertex -1043.1892740333224 1150 228.81547660054287
    endloop
  endfacet
  facet normal 0 -1 0
    outer loop
      vertex 2450 1150 2270
      vertex -1021.3476262382325 1150 201.55264366211009
      vertex -1000.3731022550585 1150 173.61720054923012
    endloop
  endfacet
  facet normal 0 -1 0
    outer loop
      vertex 2450 1150 2270
      vertex -1000.3731022550585 1150 173.61720054923012
      vertex -980.2864014066871 1150 145.03671617156908
    endloop
  endfacet
  facet normal 0 -1 0
    outer loop
      vertex 2450 1150 2270
      vertex -1043.1892740333224 1150 228.81547660054287
      vertex -1021.3476262382325 1150 201.55264366211009
    endloop
  endfacet
  facet normal 0 -1 0
    outer loop
      vertex 2450 1150 2270
      vertex -1113.6972593205592 1150 306.30274067944094
      vertex -1089.3868863073903 1150 281.21638179270167
    endloop
  endfacet
  facet normal 0 -1 0
    outer loop
      vertex 2450 1150 2270
      vertex -1089.3868863073903 1150 281.21638179270167
      vertex -1065.876490570929 1150 255.3787942399009
    endloop
  endfacet
  facet normal 0 -1 0
    outer loop
      vertex 2450 1150 2270
      vertex -1138.7836182072983 1150 330.6131136926098
      vertex -1113.6972593205592 1150 306.30274067944094
    endloop
  endfacet
  facet normal 0 1 0
    outer loop
      vertex 2450 1200 2270
      vertex -942.8548659716146 1200 86.05405431441284
      vertex -961.1073468417594 1200 115.8393960166444
    endloop
  endfacet
  facet normal 0 1 0
    outer loop
      vertex 2450 1200 2270
      vertex -961.1073468417594 1200 115.8393960166444
      vertex -980.2864014066871 1200 145.03671617156908
    endloop
  endfacet
  facet normal 0 1 0
    outer loop
      vertex 2450 1200 2270
      vertex -893.8323176577862 1200 -6.533427779639453
      vertex -909.2007451025349 1200 24.837435710375985
    endloop
  endfacet
  facet normal 0 1 0
    outer loop
      vertex 2450 1200 2270
      vertex -909.2007451025349 1200 24.837435710375985
      vertex -925.5469717912238 1200 55.710085601107494
    endloop
  endfacet
  facet normal 0 1 0
    outer loop
      vertex 2450 1200 2270
      vertex -925.5469717912238 1200 55.710085601107494
      vertex -942.8548659716146 1200 86.05405431441284
    endloop
  endfacet
  facet normal 0 1 0
    outer loop
      vertex 2450 1200 2270
      vertex -1043.1892740333224 1200 228.81547660054287
      vertex -1065.876490570929 1200 255.3787942399009
    endloop
  endfacet
  facet normal 0 1 0
    outer loop
      vertex 2450 1200 2270
      vertex -1000.3731022550585 1200 173.61720054923012
      vertex -1021.3476262382325 1200 201.55264366211009
    endloop
  endfacet
  facet normal 0 1 0
    outer loop
      vertex 2450 1200 2270
      vertex -980.2864014066871 1200 145.03671617156908
      vertex -1000.3731022550585 1200 173.61720054923012
    endloop
  endfacet
  facet normal 0 1 0
    outer loop
      vertex 2450 1200 2270
      vertex -1021.3476262382325 1200 201.55264366211009
      vertex -1043.1892740333224 1200 228.81547660054287
    endloop
  endfacet
  facet normal 0 1 0
    outer loop
      vertex 2450 1200 2270
      vertex -1089.3868863073903 1200 281.21638179270167
      vertex -1113.6972593205592 1200 306.30274067944094
    endloop
  endfacet
  facet normal 0 1 0
    outer loop
      vertex 2450 1200 2270
      vertex -1065.876490570929 1200 255.3787942399009
      vertex -1089.3868863073903 1200 281.21638179270167
    endloop
  endfacet
  facet normal 0 1 0
    outer loop
      vertex 2450 1200 2270
      vertex -1113.6972593205592 1200 306.30274067944094
      vertex -1138.7836182072983 1200 330.6131136926098
    endloop
  endfacet
  facet normal 0 -1 0
    outer loop
      vertex 2450 1150 2270
      vertex -1625 1150 1015
      vertex -1364.2899143988925 1150 494.45302820877623
    endloop
  endfacet
  facet normal 0 -1 0
    outer loop
      vertex 2450 1150 2270
      vertex -1625 1150 1665
      vertex -1625 1150 1015
    endloop
  endfacet
  facet normal 0 1 0
    outer loop
      vertex 2450 1200 2270
      vertex -1523.3234326872357 1200 566.2594150770988
      vertex -1556.3731022550585 1200 577.5748461202106
    endloop
  endfacet
  facet normal 0 1 0
    outer loop
      vertex 2450 1200 2270
      vertex -1556.3731022550585 1200 577.5748461202106
      vertex -1625 1200 1015
    endloop
  endfacet
  facet normal 0 1 0
    outer loop
      vertex 2450 1200 2270
      vertex -1625 1200 1015
      vertex -1625 1200 1665
    endloop
  endfacet
  facet normal 0 0 1
    outer loop
      vertex 2450 1150 2270
      vertex 2450 1200 2270
      vertex -4295 1200 2270
    endloop
  endfacet
  facet normal 0 1 0
    outer loop
      vertex 3450 2200 2270
      vertex 3450 2200 -2270
      vertex -4295 2200 2270
    endloop
  endfacet
  facet normal 0 -1 0
    outer loop
      vertex 2450 2150 2270
      vertex -1650 2150 1640
      vertex -1650 2150 1040
    endloop
  endfacet
  facet normal 0 0 1
    outer loop
      vertex 2450 2150 2270
      vertex 3450 2200 2270
      vertex -4295 2200 2270
    endloop
  endfacet
  facet normal -1 0 0
    outer loop
      vertex 2450 1200 2270
      vertex 2450 2150 2270
      vertex 2450 1200 -2270
    endloop
  endfacet
  facet normal 1 0 0
    outer loop
      vertex 3450 -100 2270
      vertex 3450 2200 -2270
      vertex 3450 2200 2270
    endloop
  endfacet
  facet normal 0 0 1
    outer loop
      vertex 3450 -100 2270
      vertex 2450 2150 2270
      vertex 2450 1200 2270
    endloop
  endfacet
  facet normal 0 0 1
    outer loop
      vertex 3450 -100 2270
      vertex 3450 2200 2270
      vertex 2450 2150 2270
    endloop
  endfacet
endsolid OpenSCAD_Model
