solid OpenSCAD_Model
  facet normal -0.7604059656000334 -0.6494480483301808 0
    outer loop
      vertex -852.9581597527986 -705.6283566517995 0
      vertex -852.9581597527986 -705.6283566517995 -30
      vertex -830.3729540809188 -732.0722349132826 -30
    endloop
  endfacet
  facet normal -0.8181497174250252 -0.575005252043276 0
    outer loop
      vertex -915.5781957219399 -622.2262992823086 0
      vertex -915.5781957219399 -622.2262992823086 -30
      vertex -895.5818127730669 -650.6782742877677 -30
    endloop
  endfacet
  facet normal -0.8526401643540923 -0.5224985647159485 0
    outer loop
      vertex -952.8414238933656 -563.508847235661 0
      vertex -952.8414238933656 -563.508847235661 -30
      vertex -934.6710135307306 -593.1602620417493 -30
    endloop
  endfacet
  facet normal -0.8358073613682695 -0.5490228179981328 0
    outer loop
      vertex -934.6710135307306 -593.1602620417493 0
      vertex -934.6710135307306 -593.1602620417493 -30
      vertex -915.5781957219399 -622.2262992823086 -30
    endloop
  endfacet
  facet normal -0.7996846584870886 -0.6004202253258866 0
    outer loop
      vertex -895.5818127730669 -650.6782742877677 0
      vertex -895.5818127730669 -650.6782742877677 -30
      vertex -874.7015986998892 -678.4881083938449 -30
    endloop
  endfacet
  facet normal -0.7804304073383296 -0.6252426563357052 0
    outer loop
      vertex -874.7015986998892 -678.4881083938449 0
      vertex -874.7015986998892 -678.4881083938449 -30
      vertex -852.9581597527986 -705.6283566517995 -30
    endloop
  endfacet
  facet normal -0.6494480483301808 -0.7604059656000334 0
    outer loop
      vertex -705.6283566517995 -852.9581597527986 0
      vertex -732.0722349132826 -830.3729540809188 -30
      vertex -705.6283566517995 -852.9581597527986 -30
    endloop
  endfacet
  facet normal -0.575005252043276 -0.8181497174250252 0
    outer loop
      vertex -622.2262992823086 -915.5781957219399 0
      vertex -650.6782742877677 -895.5818127730669 -30
      vertex -622.2262992823086 -915.5781957219399 -30
    endloop
  endfacet
  facet normal -0.6252426563357052 -0.7804304073383296 0
    outer loop
      vertex -678.4881083938449 -874.7015986998892 0
      vertex -705.6283566517995 -852.9581597527986 -30
      vertex -678.4881083938449 -874.7015986998892 -30
    endloop
  endfacet
  facet normal -0.6004202253258866 -0.7996846584870886 0
    outer loop
      vertex -650.6782742877677 -895.5818127730669 0
      vertex -678.4881083938449 -874.7015986998892 -30
      vertex -650.6782742877677 -895.5818127730669 -30
    endloop
  endfacet
  facet normal -0.5490228179981328 -0.8358073613682695 0
    outer loop
      vertex -593.1602620417493 -934.6710135307306 0
      vertex -622.2262992823086 -915.5781957219399 -30
      vertex -593.1602620417493 -934.6710135307306 -30
    endloop
  endfacet
  facet normal -0.5224985647159485 -0.8526401643540923 0
    outer loop
      vertex -563.508847235661 -952.8414238933656 0
      vertex -593.1602620417493 -934.6710135307306 -30
      vertex -563.508847235661 -952.8414238933656 -30
    endloop
  endfacet
  facet normal -0.7181262977631885 -0.6959127965923146 0
    outer loop
      vertex -806.9682705555026 -757.7936462630585 0
      vertex -806.9682705555026 -757.7936462630585 -30
      vertex -782.7672067735082 -782.7672067735082 -30
    endloop
  endfacet
  facet normal -0.6959127965923146 -0.7181262977631885 0
    outer loop
      vertex -757.7936462630585 -806.9682705555026 0
      vertex -782.7672067735082 -782.7672067735082 -30
      vertex -757.7936462630585 -806.9682705555026 -30
    endloop
  endfacet
  facet normal -0.7396310949786106 -0.6730125135097725 0
    outer loop
      vertex -830.3729540809188 -732.0722349132826 0
      vertex -830.3729540809188 -732.0722349132826 -30
      vertex -806.9682705555026 -757.7936462630585 -30
    endloop
  endfacet
  facet normal -0.6730125135097725 -0.7396310949786106 0
    outer loop
      vertex -732.0722349132826 -830.3729540809188 0
      vertex -757.7936462630585 -806.9682705555026 -30
      vertex -732.0722349132826 -830.3729540809188 -30
    endloop
  endfacet
  facet normal 0 0 -1
    outer loop
      vertex -1001.6435470798837 -471.3376757625354 -30
      vertex -1015.9543706321671 -439.64271493270206 -30
      vertex -1001.6435470798837 471.3376757625352 -30
    endloop
  endfacet
  facet normal 0 0 -1
    outer loop
      vertex -986.3442222765233 -502.5674832116782 -30
      vertex -1001.6435470798837 -471.3376757625354 -30
      vertex -986.3442222765233 502.5674832116782 -30
    endloop
  endfacet
  facet normal 0 0 -1
    outer loop
      vertex -970.071494808557 -533.3013172305989 -30
      vertex -986.3442222765233 -502.5674832116782 -30
      vertex -970.0714948085568 533.3013172305989 -30
    endloop
  endfacet
  facet normal 0 0 -1
    outer loop
      vertex -1072.2215593693945 -275.2997050914943 -30
      vertex -1080.3398554661935 -241.4845682259726 -30
      vertex -1072.2215593693948 275.2997050914939 -30
    endloop
  endfacet
  facet normal 0 0 -1
    outer loop
      vertex -1041.5550112323276 -374.9828777115376 -30
      vertex -1052.8195635387349 -342.08181277306676 -30
      vertex -1041.5550112323276 374.9828777115378 -30
    endloop
  endfacet
  facet normal 0 0 -1
    outer loop
      vertex -1063.0451100443759 -308.8431543854268 -30
      vertex -1072.2215593693945 -275.2997050914943 -30
      vertex -1063.045110044376 308.84315438542654 -30
    endloop
  endfacet
  facet normal 0 0 -1
    outer loop
      vertex -1052.8195635387349 -342.08181277306676 -30
      vertex -1063.0451100443759 -308.8431543854268 -30
      vertex -1052.8195635387349 342.08181277306676 -30
    endloop
  endfacet
  facet normal 0 0 -1
    outer loop
      vertex -1098.270974355127 -138.7438895556848 -30
      vertex -1102.0870948156096 -104.17790284359536 -30
      vertex -1098.270974355127 138.7438895556846 -30
    endloop
  endfacet
  facet normal 0 0 -1
    outer loop
      vertex -1093.3709930388175 -173.17295279953558 -30
      vertex -1098.270974355127 -138.7438895556848 -30
      vertex -1093.3709930388175 173.17295279953558 -30
    endloop
  endfacet
  facet normal 0 0 -1
    outer loop
      vertex -1080.3398554661935 -241.4845682259726 -30
      vertex -1087.3919865566584 -207.43111524639716 -30
      vertex -1080.3398554661933 241.48456822597302 -30
    endloop
  endfacet
  facet normal 0 0 -1
    outer loop
      vertex -1087.3919865566584 -207.43111524639716 -30
      vertex -1093.3709930388175 -173.17295279953558 -30
      vertex -1087.3919865566584 207.43111524639738 -30
    endloop
  endfacet
  facet normal 0 0 -1
    outer loop
      vertex -1102.0870948156096 -104.17790284359536 -30
      vertex -1104.8155883700965 -69.5091051189499 -30
      vertex -1102.0870948156096 104.17790284359491 -30
    endloop
  endfacet
  facet normal 0 0 -1
    outer loop
      vertex -1104.8155883700965 -69.5091051189499 -30
      vertex -1106.4537623248648 -34.77171029948802 -30
      vertex -1104.8155883700965 69.50910511895033 -30
    endloop
  endfacet
  facet normal 0 0 -1
    outer loop
      vertex -1029.2625698782942 -407.51387982193853 -30
      vertex -1041.5550112323276 -374.9828777115376 -30
      vertex -1029.262569878294 407.51387982193893 -30
    endloop
  endfacet
  facet normal 0 0 -1
    outer loop
      vertex -1015.9543706321671 -439.64271493270206 -30
      vertex -1029.2625698782942 -407.51387982193853 -30
      vertex -1015.9543706321673 439.6427149327018 -30
    endloop
  endfacet
  facet normal 0 0 -1
    outer loop
      vertex -952.8414238933656 -563.508847235661 -30
      vertex -970.071494808557 -533.3013172305989 -30
      vertex -952.8414238933653 563.5088472356614 -30
    endloop
  endfacet
  facet normal 0 0 -1
    outer loop
      vertex -934.6710135307306 -593.1602620417493 -30
      vertex -952.8414238933656 -563.508847235661 -30
      vertex -934.671013530731 593.1602620417488 -30
    endloop
  endfacet
  facet normal 0 0 -1
    outer loop
      vertex -915.5781957219399 -622.2262992823086 -30
      vertex -934.6710135307306 -593.1602620417493 -30
      vertex -915.5781957219401 622.2262992823084 -30
    endloop
  endfacet
  facet normal 0 0 -1
    outer loop
      vertex -895.5818127730669 -650.6782742877677 -30
      vertex -915.5781957219399 -622.2262992823086 -30
      vertex -895.5818127730669 650.6782742877677 -30
    endloop
  endfacet
  facet normal 0 0 -1
    outer loop
      vertex -874.7015986998892 -678.4881083938449 -30
      vertex -895.5818127730669 -650.6782742877677 -30
      vertex -874.701598699889 678.4881083938452 -30
    endloop
  endfacet
  facet normal 0 0 -1
    outer loop
      vertex -852.9581597527986 -705.6283566517995 -30
      vertex -874.7015986998892 -678.4881083938449 -30
      vertex -852.9581597527985 705.6283566517998 -30
    endloop
  endfacet
  facet normal 0 0 -1
    outer loop
      vertex -830.3729540809188 -732.0722349132826 -30
      vertex -852.9581597527986 -705.6283566517995 -30
      vertex -830.372954080919 732.0722349132822 -30
    endloop
  endfacet
  facet normal 0 0 -1
    outer loop
      vertex -705.6283566517995 -852.9581597527986 -30
      vertex -732.0722349132826 -830.3729540809188 -30
      vertex -705.6283566517998 852.9581597527985 -30
    endloop
  endfacet
  facet normal 0 0 -1
    outer loop
      vertex -678.4881083938449 -874.7015986998892 -30
      vertex -705.6283566517995 -852.9581597527986 -30
      vertex -678.4881083938452 874.701598699889 -30
    endloop
  endfacet
  facet normal 0 0 -1
    outer loop
      vertex -650.6782742877677 -895.5818127730669 -30
      vertex -678.4881083938449 -874.7015986998892 -30
      vertex -650.6782742877677 895.5818127730669 -30
    endloop
  endfacet
  facet normal 0 0 -1
    outer loop
      vertex -622.2262992823086 -915.5781957219399 -30
      vertex -650.6782742877677 -895.5818127730669 -30
      vertex -622.2262992823084 915.5781957219401 -30
    endloop
  endfacet
  facet normal 0 0 -1
    outer loop
      vertex -593.1602620417493 -934.6710135307306 -30
      vertex -622.2262992823086 -915.5781957219399 -30
      vertex -593.1602620417488 934.671013530731 -30
    endloop
  endfacet
  facet normal 0 0 -1
    outer loop
      vertex -563.508847235661 -952.8414238933656 -30
      vertex -593.1602620417493 -934.6710135307306 -30
      vertex -563.5088472356614 952.8414238933653 -30
    endloop
  endfacet
  facet normal 0 0 -1
    outer loop
      vertex -806.9682705555026 -757.7936462630585 -30
      vertex -830.3729540809188 -732.0722349132826 -30
      vertex -806.9682705555027 757.7936462630581 -30
    endloop
  endfacet
  facet normal 0 0 -1
    outer loop
      vertex -782.7672067735082 -782.7672067735082 -30
      vertex -806.9682705555026 -757.7936462630585 -30
      vertex -782.7672067735082 782.7672067735082 -30
    endloop
  endfacet
  facet normal 0 0 -1
    outer loop
      vertex -757.7936462630585 -806.9682705555026 -30
      vertex -782.7672067735082 -782.7672067735082 -30
      vertex -757.7936462630581 806.9682705555027 -30
    endloop
  endfacet
  facet normal 0 0 -1
    outer loop
      vertex -732.0722349132826 -830.3729540809188 -30
      vertex -757.7936462630585 -806.9682705555026 -30
      vertex -732.0722349132822 830.372954080919 -30
    endloop
  endfacet
  facet normal -0.8837656300886935 -0.46792981426057345 0
    outer loop
      vertex -986.3442222765233 -502.5674832116782 0
      vertex -986.3442222765233 -502.5674832116782 -30
      vertex -970.071494808557 -533.3013172305989 -30
    endloop
  endfacet
  facet normal -0.9114032766354465 -0.4115143586051057 0
    outer loop
      vertex -1015.9543706321671 -439.64271493270206 0
      vertex -1015.9543706321671 -439.64271493270206 -30
      vertex -1001.6435470798837 -471.3376757625354 -30
    endloop
  endfacet
  facet normal -0.9238795325112863 -0.38268343236509067 0
    outer loop
      vertex -1029.2625698782942 -407.51387982193853 0
      vertex -1029.2625698782942 -407.51387982193853 -30
      vertex -1015.9543706321671 -439.64271493270206 -30
    endloop
  endfacet
  facet normal -0.8980275757606155 -0.4399391698559155 0
    outer loop
      vertex -1001.6435470798837 -471.3376757625354 0
      vertex -1001.6435470798837 -471.3376757625354 -30
      vertex -986.3442222765233 -502.5674832116782 -30
    endloop
  endfacet
  facet normal -0.9460853588275467 -0.3239174181981453 0
    outer loop
      vertex -1052.8195635387349 -342.08181277306676 0
      vertex -1052.8195635387349 -342.08181277306676 -30
      vertex -1041.5550112323276 -374.9828777115376 -30
    endloop
  endfacet
  facet normal -0.9557930147983299 -0.2940403252323047 0
    outer loop
      vertex -1063.0451100443759 -308.8431543854268 0
      vertex -1063.0451100443759 -308.8431543854268 -30
      vertex -1052.8195635387349 -342.08181277306676 -30
    endloop
  endfacet
  facet normal -0.9645574184577981 -0.26387304996537264 0
    outer loop
      vertex -1072.2215593693945 -275.2997050914943 0
      vertex -1072.2215593693945 -275.2997050914943 -30
      vertex -1063.0451100443759 -308.8431543854268 -30
    endloop
  endfacet
  facet normal -0.9354440308298667 -0.35347484377925903 0
    outer loop
      vertex -1041.5550112323276 -374.9828777115376 0
      vertex -1041.5550112323276 -374.9828777115376 -30
      vertex -1029.2625698782942 -407.51387982193853 -30
    endloop
  endfacet
  facet normal -0.8686315144381906 -0.49545866843240843 0
    outer loop
      vertex -970.071494808557 -533.3013172305989 0
      vertex -970.071494808557 -533.3013172305989 -30
      vertex -952.8414238933656 -563.508847235661 -30
    endloop
  endfacet
  facet normal -0.972369920397675 -0.2334453638559124 0
    outer loop
      vertex -1080.3398554661935 -241.4845682259726 0
      vertex -1080.3398554661935 -241.4845682259726 -30
      vertex -1072.2215593693945 -275.2997050914943 -30
    endloop
  endfacet
  facet normal -0.9792228106217666 -0.2027872953565085 0
    outer loop
      vertex -1087.3919865566584 -207.43111524639716 0
      vertex -1087.3919865566584 -207.43111524639716 -30
      vertex -1080.3398554661935 -241.4845682259726 -30
    endloop
  endfacet
  facet normal -0.9851093261547739 -0.17192910027940964 0
    outer loop
      vertex -1093.3709930388175 -173.17295279953558 0
      vertex -1093.3709930388175 -173.17295279953558 -30
      vertex -1087.3919865566584 -207.43111524639716 -30
    endloop
  endfacet
  facet normal -0.9900236577165574 -0.14090123193758416 0
    outer loop
      vertex -1098.270974355127 -138.7438895556848 0
      vertex -1098.270974355127 -138.7438895556848 -30
      vertex -1093.3709930388175 -173.17295279953558 -30
    endloop
  endfacet
  facet normal -0.9939609554551797 -0.10973431109104427 0
    outer loop
      vertex -1102.0870948156096 -104.17790284359536 0
      vertex -1102.0870948156096 -104.17790284359536 -30
      vertex -1098.270974355127 -138.7438895556848 -30
    endloop
  endfacet
  facet normal -0.9969173337331283 -0.07845909572784167 0
    outer loop
      vertex -1104.8155883700965 -69.5091051189499 0
      vertex -1104.8155883700965 -69.5091051189499 -30
      vertex -1102.0870948156096 -104.17790284359536 -30
    endloop
  endfacet
  facet normal -0.9988898749619699 -0.047106450709644046 0
    outer loop
      vertex -1106.4537623248648 -34.77171029948802 0
      vertex -1106.4537623248648 -34.77171029948802 -30
      vertex -1104.8155883700965 -69.5091051189499 -30
    endloop
  endfacet
  facet normal -0.9998766324816605 -0.015707317311822122 0
    outer loop
      vertex -1106.4537623248648 -34.77171029948802 -30
      vertex -1107 0 0
      vertex -1107 0 -30
    endloop
  endfacet
  facet normal 0 0 -1
    outer loop
      vertex -241.4845682259725 -1080.3398554661935 -30
      vertex -213 -102.5 -30
      vertex -213 -497.5 -30
    endloop
  endfacet
  facet normal -0.4679298142605748 -0.8837656300886927 0
    outer loop
      vertex -502.5674832116782 -986.3442222765233 0
      vertex -533.3013172305988 -970.071494808557 -30
      vertex -502.5674832116782 -986.3442222765233 -30
    endloop
  endfacet
  facet normal -0.4115143586051103 -0.9114032766354446 0
    outer loop
      vertex -439.6427149327023 -1015.9543706321671 0
      vertex -471.33767576253547 -1001.6435470798835 -30
      vertex -439.6427149327023 -1015.9543706321671 -30
    endloop
  endfacet
  facet normal -0.4399391698559135 -0.8980275757606164 0
    outer loop
      vertex -471.33767576253547 -1001.6435470798835 0
      vertex -502.5674832116782 -986.3442222765233 -30
      vertex -471.33767576253547 -1001.6435470798835 -30
    endloop
  endfacet
  facet normal -0.3826834323650928 -0.9238795325112854 0
    outer loop
      vertex -407.5138798219384 -1029.2625698782945 0
      vertex -439.6427149327023 -1015.9543706321671 -30
      vertex -407.5138798219384 -1029.2625698782945 -30
    endloop
  endfacet
  facet normal -0.49545866843240705 -0.8686315144381914 0
    outer loop
      vertex -533.3013172305988 -970.071494808557 0
      vertex -563.508847235661 -952.8414238933656 -30
      vertex -533.3013172305988 -970.071494808557 -30
    endloop
  endfacet
  facet normal -0.3239174181981463 -0.9460853588275464 0
    outer loop
      vertex -342.08181277306676 -1052.8195635387349 0
      vertex -374.98287771153747 -1041.5550112323276 -30
      vertex -342.08181277306676 -1052.8195635387349 -30
    endloop
  endfacet
  facet normal -0.35347484377925326 -0.9354440308298687 0
    outer loop
      vertex -374.98287771153747 -1041.5550112323276 0
      vertex -407.5138798219384 -1029.2625698782945 -30
      vertex -374.98287771153747 -1041.5550112323276 -30
    endloop
  endfacet
  facet normal -0.29404032523230517 -0.9557930147983298 0
    outer loop
      vertex -308.8431543854269 -1063.0451100443759 0
      vertex -342.08181277306676 -1052.8195635387349 -30
      vertex -308.8431543854269 -1063.0451100443759 -30
    endloop
  endfacet
  facet normal -0.26387304996537264 -0.9645574184577981 0
    outer loop
      vertex -275.29970509149433 -1072.2215593693945 0
      vertex -308.8431543854269 -1063.0451100443759 -30
      vertex -275.29970509149433 -1072.2215593693945 -30
    endloop
  endfacet
  facet normal -0.23344536385591144 -0.9723699203976751 0
    outer loop
      vertex -241.4845682259725 -1080.3398554661935 0
      vertex -275.29970509149433 -1072.2215593693945 -30
      vertex -241.4845682259725 -1080.3398554661935 -30
    endloop
  endfacet
  facet normal -0.20278729535650866 -0.9792228106217666 0
    outer loop
      vertex -207.4311152463971 -1087.3919865566584 0
      vertex -241.4845682259725 -1080.3398554661935 -30
      vertex -207.4311152463971 -1087.3919865566584 -30
    endloop
  endfacet
  facet normal -0.1719291002794099 -0.9851093261547739 0
    outer loop
      vertex -173.17295279953558 -1093.3709930388175 0
      vertex -207.4311152463971 -1087.3919865566584 -30
      vertex -173.17295279953558 -1093.3709930388175 -30
    endloop
  endfacet
  facet normal -0.1409012319375843 -0.9900236577165574 0
    outer loop
      vertex -138.74388955568483 -1098.270974355127 0
      vertex -173.17295279953558 -1093.3709930388175 -30
      vertex -138.74388955568483 -1098.270974355127 -30
    endloop
  endfacet
  facet normal -0.10973431109104453 -0.9939609554551799 0
    outer loop
      vertex -104.17790284359546 -1102.0870948156096 0
      vertex -138.74388955568483 -1098.270974355127 -30
      vertex -104.17790284359546 -1102.0870948156096 -30
    endloop
  endfacet
  facet normal -0.07845909572784118 -0.9969173337331283 0
    outer loop
      vertex -69.50910511894979 -1104.8155883700965 0
      vertex -104.17790284359546 -1102.0870948156096 -30
      vertex -69.50910511894979 -1104.8155883700965 -30
    endloop
  endfacet
  facet normal -0.04710645070964413 -0.9988898749619699 0
    outer loop
      vertex -34.77171029948797 -1106.4537623248648 0
      vertex -69.50910511894979 -1104.8155883700965 -30
      vertex -34.77171029948797 -1106.4537623248648 -30
    endloop
  endfacet
  facet normal -0.015707317311822143 -0.9998766324816605 0
    outer loop
      vertex 0 -1107 0
      vertex -34.77171029948797 -1106.4537623248648 -30
      vertex 0 -1107 -30
    endloop
  endfacet
  facet normal 0 0 -1
    outer loop
      vertex -533.3013172305988 -970.071494808557 -30
      vertex -563.508847235661 -952.8414238933656 -30
      vertex -533.3013172305989 970.0714948085568 -30
    endloop
  endfacet
  facet normal 0 0 -1
    outer loop
      vertex -502.5674832116782 -986.3442222765233 -30
      vertex -533.3013172305988 -970.071494808557 -30
      vertex -502.5674832116782 986.3442222765233 -30
    endloop
  endfacet
  facet normal 0 0 -1
    outer loop
      vertex -471.33767576253547 -1001.6435470798835 -30
      vertex -502.5674832116782 -986.3442222765233 -30
      vertex -471.3376757625352 1001.6435470798837 -30
    endloop
  endfacet
  facet normal 0 0 -1
    outer loop
      vertex -439.6427149327023 -1015.9543706321671 -30
      vertex -471.33767576253547 -1001.6435470798835 -30
      vertex -439.6427149327018 1015.9543706321673 -30
    endloop
  endfacet
  facet normal 0 0 -1
    outer loop
      vertex -407.5138798219384 -1029.2625698782945 -30
      vertex -439.6427149327023 -1015.9543706321671 -30
      vertex -407.51387982193893 1029.262569878294 -30
    endloop
  endfacet
  facet normal 0 0 -1
    outer loop
      vertex -342.08181277306676 -1052.8195635387349 -30
      vertex -374.98287771153747 -1041.5550112323276 -30
      vertex -342.08181277306676 1052.8195635387349 -30
    endloop
  endfacet
  facet normal 0 0 -1
    outer loop
      vertex -374.98287771153747 -1041.5550112323276 -30
      vertex -407.5138798219384 -1029.2625698782945 -30
      vertex -374.9828777115378 1041.5550112323276 -30
    endloop
  endfacet
  facet normal 0 0 -1
    outer loop
      vertex -308.8431543854269 -1063.0451100443759 -30
      vertex -342.08181277306676 -1052.8195635387349 -30
      vertex -308.84315438542654 1063.045110044376 -30
    endloop
  endfacet
  facet normal 0 0 -1
    outer loop
      vertex -275.29970509149433 -1072.2215593693945 -30
      vertex -308.8431543854269 -1063.0451100443759 -30
      vertex -275.2997050914939 1072.2215593693948 -30
    endloop
  endfacet
  facet normal 0 0 -1
    outer loop
      vertex -241.4845682259725 -1080.3398554661935 -30
      vertex -275.29970509149433 -1072.2215593693945 -30
      vertex -241.48456822597302 1080.3398554661933 -30
    endloop
  endfacet
  facet normal 0 0 -1
    outer loop
      vertex -241.4845682259725 -1080.3398554661935 -30
      vertex -207.43111524639738 1087.3919865566584 -30
      vertex -213 -102.5 -30
    endloop
  endfacet
  facet normal 1 0 0
    outer loop
      vertex -213 -497.5 -30
      vertex -213 -102.5 -30
      vertex -213 -102.5 0
    endloop
  endfacet
  facet normal -0.7804304073383296 -0.6252426563357052 0
    outer loop
      vertex -852.9581597527986 -705.6283566517995 0
      vertex -874.7015986998892 -678.4881083938449 0
      vertex -852.9581597527986 -705.6283566517995 -30
    endloop
  endfacet
  facet normal -0.7604059656000334 -0.6494480483301808 0
    outer loop
      vertex -830.3729540809188 -732.0722349132826 0
      vertex -852.9581597527986 -705.6283566517995 0
      vertex -830.3729540809188 -732.0722349132826 -30
    endloop
  endfacet
  facet normal -0.8181497174250252 -0.575005252043276 0
    outer loop
      vertex -895.5818127730669 -650.6782742877677 0
      vertex -915.5781957219399 -622.2262992823086 0
      vertex -895.5818127730669 -650.6782742877677 -30
    endloop
  endfacet
  facet normal -0.8526401643540923 -0.5224985647159485 0
    outer loop
      vertex -934.6710135307306 -593.1602620417493 0
      vertex -952.8414238933656 -563.508847235661 0
      vertex -934.6710135307306 -593.1602620417493 -30
    endloop
  endfacet
  facet normal -0.8358073613682695 -0.5490228179981328 0
    outer loop
      vertex -915.5781957219399 -622.2262992823086 0
      vertex -934.6710135307306 -593.1602620417493 0
      vertex -915.5781957219399 -622.2262992823086 -30
    endloop
  endfacet
  facet normal -0.7996846584870886 -0.6004202253258866 0
    outer loop
      vertex -874.7015986998892 -678.4881083938449 0
      vertex -895.5818127730669 -650.6782742877677 0
      vertex -874.7015986998892 -678.4881083938449 -30
    endloop
  endfacet
  facet normal -0.6494480483301808 -0.7604059656000334 0
    outer loop
      vertex -705.6283566517995 -852.9581597527986 0
      vertex -732.0722349132826 -830.3729540809188 0
      vertex -732.0722349132826 -830.3729540809188 -30
    endloop
  endfacet
  facet normal -0.6252426563357052 -0.7804304073383296 0
    outer loop
      vertex -678.4881083938449 -874.7015986998892 0
      vertex -705.6283566517995 -852.9581597527986 0
      vertex -705.6283566517995 -852.9581597527986 -30
    endloop
  endfacet
  facet normal -0.575005252043276 -0.8181497174250252 0
    outer loop
      vertex -622.2262992823086 -915.5781957219399 0
      vertex -650.6782742877677 -895.5818127730669 0
      vertex -650.6782742877677 -895.5818127730669 -30
    endloop
  endfacet
  facet normal -0.6004202253258866 -0.7996846584870886 0
    outer loop
      vertex -650.6782742877677 -895.5818127730669 0
      vertex -678.4881083938449 -874.7015986998892 0
      vertex -678.4881083938449 -874.7015986998892 -30
    endloop
  endfacet
  facet normal -0.5490228179981328 -0.8358073613682695 0
    outer loop
      vertex -593.1602620417493 -934.6710135307306 0
      vertex -622.2262992823086 -915.5781957219399 0
      vertex -622.2262992823086 -915.5781957219399 -30
    endloop
  endfacet
  facet normal -0.5224985647159485 -0.8526401643540923 0
    outer loop
      vertex -563.508847235661 -952.8414238933656 0
      vertex -593.1602620417493 -934.6710135307306 0
      vertex -593.1602620417493 -934.6710135307306 -30
    endloop
  endfacet
  facet normal -0.7181262977631885 -0.6959127965923146 0
    outer loop
      vertex -782.7672067735082 -782.7672067735082 0
      vertex -806.9682705555026 -757.7936462630585 0
      vertex -782.7672067735082 -782.7672067735082 -30
    endloop
  endfacet
  facet normal -0.6959127965923146 -0.7181262977631885 0
    outer loop
      vertex -757.7936462630585 -806.9682705555026 0
      vertex -782.7672067735082 -782.7672067735082 0
      vertex -782.7672067735082 -782.7672067735082 -30
    endloop
  endfacet
  facet normal -0.7396310949786106 -0.6730125135097725 0
    outer loop
      vertex -806.9682705555026 -757.7936462630585 0
      vertex -830.3729540809188 -732.0722349132826 0
      vertex -806.9682705555026 -757.7936462630585 -30
    endloop
  endfacet
  facet normal -0.6730125135097725 -0.7396310949786106 0
    outer loop
      vertex -732.0722349132826 -830.3729540809188 0
      vertex -757.7936462630585 -806.9682705555026 0
      vertex -757.7936462630585 -806.9682705555026 -30
    endloop
  endfacet
  facet normal -0.8837656300886935 -0.46792981426057345 0
    outer loop
      vertex -970.071494808557 -533.3013172305989 0
      vertex -986.3442222765233 -502.5674832116782 0
      vertex -970.071494808557 -533.3013172305989 -30
    endloop
  endfacet
  facet normal -0.8980275757606155 -0.4399391698559155 0
    outer loop
      vertex -986.3442222765233 -502.5674832116782 0
      vertex -1001.6435470798837 -471.3376757625354 0
      vertex -986.3442222765233 -502.5674832116782 -30
    endloop
  endfacet
  facet normal -0.9114032766354465 -0.4115143586051057 0
    outer loop
      vertex -1001.6435470798837 -471.3376757625354 0
      vertex -1015.9543706321671 -439.64271493270206 0
      vertex -1001.6435470798837 -471.3376757625354 -30
    endloop
  endfacet
  facet normal -0.9238795325112863 -0.38268343236509067 0
    outer loop
      vertex -1015.9543706321671 -439.64271493270206 0
      vertex -1029.2625698782942 -407.51387982193853 0
      vertex -1015.9543706321671 -439.64271493270206 -30
    endloop
  endfacet
  facet normal -0.9460853588275467 -0.3239174181981453 0
    outer loop
      vertex -1041.5550112323276 -374.9828777115376 0
      vertex -1052.8195635387349 -342.08181277306676 0
      vertex -1041.5550112323276 -374.9828777115376 -30
    endloop
  endfacet
  facet normal -0.9557930147983299 -0.2940403252323047 0
    outer loop
      vertex -1052.8195635387349 -342.08181277306676 0
      vertex -1063.0451100443759 -308.8431543854268 0
      vertex -1052.8195635387349 -342.08181277306676 -30
    endloop
  endfacet
  facet normal -0.9645574184577981 -0.26387304996537264 0
    outer loop
      vertex -1063.0451100443759 -308.8431543854268 0
      vertex -1072.2215593693945 -275.2997050914943 0
      vertex -1063.0451100443759 -308.8431543854268 -30
    endloop
  endfacet
  facet normal -0.9354440308298667 -0.35347484377925903 0
    outer loop
      vertex -1029.2625698782942 -407.51387982193853 0
      vertex -1041.5550112323276 -374.9828777115376 0
      vertex -1029.2625698782942 -407.51387982193853 -30
    endloop
  endfacet
  facet normal -0.8686315144381906 -0.49545866843240843 0
    outer loop
      vertex -952.8414238933656 -563.508847235661 0
      vertex -970.071494808557 -533.3013172305989 0
      vertex -952.8414238933656 -563.508847235661 -30
    endloop
  endfacet
  facet normal -0.972369920397675 -0.2334453638559124 0
    outer loop
      vertex -1072.2215593693945 -275.2997050914943 0
      vertex -1080.3398554661935 -241.4845682259726 0
      vertex -1072.2215593693945 -275.2997050914943 -30
    endloop
  endfacet
  facet normal -0.9792228106217666 -0.2027872953565085 0
    outer loop
      vertex -1080.3398554661935 -241.4845682259726 0
      vertex -1087.3919865566584 -207.43111524639716 0
      vertex -1080.3398554661935 -241.4845682259726 -30
    endloop
  endfacet
  facet normal -0.9851093261547739 -0.17192910027940964 0
    outer loop
      vertex -1087.3919865566584 -207.43111524639716 0
      vertex -1093.3709930388175 -173.17295279953558 0
      vertex -1087.3919865566584 -207.43111524639716 -30
    endloop
  endfacet
  facet normal -0.9900236577165574 -0.14090123193758416 0
    outer loop
      vertex -1093.3709930388175 -173.17295279953558 0
      vertex -1098.270974355127 -138.7438895556848 0
      vertex -1093.3709930388175 -173.17295279953558 -30
    endloop
  endfacet
  facet normal -0.9939609554551797 -0.10973431109104427 0
    outer loop
      vertex -1098.270974355127 -138.7438895556848 0
      vertex -1102.0870948156096 -104.17790284359536 0
      vertex -1098.270974355127 -138.7438895556848 -30
    endloop
  endfacet
  facet normal -0.9969173337331283 -0.07845909572784167 0
    outer loop
      vertex -1102.0870948156096 -104.17790284359536 0
      vertex -1104.8155883700965 -69.5091051189499 0
      vertex -1102.0870948156096 -104.17790284359536 -30
    endloop
  endfacet
  facet normal -0.9988898749619699 -0.047106450709644046 0
    outer loop
      vertex -1104.8155883700965 -69.5091051189499 0
      vertex -1106.4537623248648 -34.77171029948802 0
      vertex -1104.8155883700965 -69.5091051189499 -30
    endloop
  endfacet
  facet normal -0.9998766324816605 -0.015707317311822122 0
    outer loop
      vertex -1106.4537623248648 -34.77171029948802 0
      vertex -1107 0 0
      vertex -1106.4537623248648 -34.77171029948802 -30
    endloop
  endfacet
  facet normal 0 0 1
    outer loop
      vertex -1015.9543706321671 -439.64271493270206 0
      vertex -1029.262569878294 407.51387982193893 0
      vertex -1029.2625698782942 -407.51387982193853 0
    endloop
  endfacet
  facet normal 0 0 1
    outer loop
      vertex -1001.6435470798837 -471.3376757625354 0
      vertex -1015.9543706321673 439.6427149327018 0
      vertex -1015.9543706321671 -439.64271493270206 0
    endloop
  endfacet
  facet normal 0 0 1
    outer loop
      vertex -970.071494808557 -533.3013172305989 0
      vertex -986.3442222765233 502.5674832116782 0
      vertex -986.3442222765233 -502.5674832116782 0
    endloop
  endfacet
  facet normal 0 0 1
    outer loop
      vertex -986.3442222765233 -502.5674832116782 0
      vertex -1001.6435470798837 471.3376757625352 0
      vertex -1001.6435470798837 -471.3376757625354 0
    endloop
  endfacet
  facet normal 0 0 1
    outer loop
      vertex -1072.2215593693945 -275.2997050914943 0
      vertex -1080.3398554661933 241.48456822597302 0
      vertex -1080.3398554661935 -241.4845682259726 0
    endloop
  endfacet
  facet normal 0 0 1
    outer loop
      vertex -1080.3398554661935 -241.4845682259726 0
      vertex -1087.3919865566584 207.43111524639738 0
      vertex -1087.3919865566584 -207.43111524639716 0
    endloop
  endfacet
  facet normal 0 0 1
    outer loop
      vertex -1052.8195635387349 -342.08181277306676 0
      vertex -1063.045110044376 308.84315438542654 0
      vertex -1063.0451100443759 -308.8431543854268 0
    endloop
  endfacet
  facet normal 0 0 1
    outer loop
      vertex -1041.5550112323276 -374.9828777115376 0
      vertex -1052.8195635387349 342.08181277306676 0
      vertex -1052.8195635387349 -342.08181277306676 0
    endloop
  endfacet
  facet normal 0 0 1
    outer loop
      vertex -1063.0451100443759 -308.8431543854268 0
      vertex -1072.2215593693948 275.2997050914939 0
      vertex -1072.2215593693945 -275.2997050914943 0
    endloop
  endfacet
  facet normal 0 0 1
    outer loop
      vertex -1087.3919865566584 -207.43111524639716 0
      vertex -1093.3709930388175 173.17295279953558 0
      vertex -1093.3709930388175 -173.17295279953558 0
    endloop
  endfacet
  facet normal 0 0 1
    outer loop
      vertex -1093.3709930388175 -173.17295279953558 0
      vertex -1098.270974355127 138.7438895556846 0
      vertex -1098.270974355127 -138.7438895556848 0
    endloop
  endfacet
  facet normal 0 0 1
    outer loop
      vertex -1098.270974355127 -138.7438895556848 0
      vertex -1102.0870948156096 104.17790284359491 0
      vertex -1102.0870948156096 -104.17790284359536 0
    endloop
  endfacet
  facet normal 0 0 1
    outer loop
      vertex -1102.0870948156096 -104.17790284359536 0
      vertex -1104.8155883700965 69.50910511895033 0
      vertex -1104.8155883700965 -69.5091051189499 0
    endloop
  endfacet
  facet normal 0 0 1
    outer loop
      vertex -1104.8155883700965 -69.5091051189499 0
      vertex -1106.4537623248648 34.771710299488234 0
      vertex -1106.4537623248648 -34.77171029948802 0
    endloop
  endfacet
  facet normal 0 0 1
    outer loop
      vertex -1029.2625698782942 -407.51387982193853 0
      vertex -1041.5550112323276 374.9828777115378 0
      vertex -1041.5550112323276 -374.9828777115376 0
    endloop
  endfacet
  facet normal 0 0 1
    outer loop
      vertex -895.5818127730669 -650.6782742877677 0
      vertex -915.5781957219401 622.2262992823084 0
      vertex -915.5781957219399 -622.2262992823086 0
    endloop
  endfacet
  facet normal 0 0 1
    outer loop
      vertex -952.8414238933656 -563.508847235661 0
      vertex -970.0714948085568 533.3013172305989 0
      vertex -970.071494808557 -533.3013172305989 0
    endloop
  endfacet
  facet normal 0 0 1
    outer loop
      vertex -934.6710135307306 -593.1602620417493 0
      vertex -952.8414238933653 563.5088472356614 0
      vertex -952.8414238933656 -563.508847235661 0
    endloop
  endfacet
  facet normal 0 0 1
    outer loop
      vertex -915.5781957219399 -622.2262992823086 0
      vertex -934.671013530731 593.1602620417488 0
      vertex -934.6710135307306 -593.1602620417493 0
    endloop
  endfacet
  facet normal 0 0 1
    outer loop
      vertex -874.7015986998892 -678.4881083938449 0
      vertex -895.5818127730669 650.6782742877677 0
      vertex -895.5818127730669 -650.6782742877677 0
    endloop
  endfacet
  facet normal 0 0 1
    outer loop
      vertex -852.9581597527986 -705.6283566517995 0
      vertex -874.701598699889 678.4881083938452 0
      vertex -874.7015986998892 -678.4881083938449 0
    endloop
  endfacet
  facet normal 0 0 1
    outer loop
      vertex -830.3729540809188 -732.0722349132826 0
      vertex -852.9581597527985 705.6283566517998 0
      vertex -852.9581597527986 -705.6283566517995 0
    endloop
  endfacet
  facet normal 0 0 1
    outer loop
      vertex -732.0722349132826 -830.3729540809188 0
      vertex -757.7936462630581 806.9682705555027 0
      vertex -757.7936462630585 -806.9682705555026 0
    endloop
  endfacet
  facet normal 0 0 1
    outer loop
      vertex -705.6283566517995 -852.9581597527986 0
      vertex -732.0722349132822 830.372954080919 0
      vertex -732.0722349132826 -830.3729540809188 0
    endloop
  endfacet
  facet normal 0 0 1
    outer loop
      vertex -678.4881083938449 -874.7015986998892 0
      vertex -705.6283566517998 852.9581597527985 0
      vertex -705.6283566517995 -852.9581597527986 0
    endloop
  endfacet
  facet normal 0 0 1
    outer loop
      vertex -650.6782742877677 -895.5818127730669 0
      vertex -678.4881083938452 874.701598699889 0
      vertex -678.4881083938449 -874.7015986998892 0
    endloop
  endfacet
  facet normal 0 0 1
    outer loop
      vertex -622.2262992823086 -915.5781957219399 0
      vertex -650.6782742877677 895.5818127730669 0
      vertex -650.6782742877677 -895.5818127730669 0
    endloop
  endfacet
  facet normal 0 0 1
    outer loop
      vertex -593.1602620417493 -934.6710135307306 0
      vertex -622.2262992823084 915.5781957219401 0
      vertex -622.2262992823086 -915.5781957219399 0
    endloop
  endfacet
  facet normal 0 0 1
    outer loop
      vertex -563.508847235661 -952.8414238933656 0
      vertex -593.1602620417488 934.671013530731 0
      vertex -593.1602620417493 -934.6710135307306 0
    endloop
  endfacet
  facet normal 0 0 1
    outer loop
      vertex -806.9682705555026 -757.7936462630585 0
      vertex -830.372954080919 732.0722349132822 0
      vertex -830.3729540809188 -732.0722349132826 0
    endloop
  endfacet
  facet normal 0 0 1
    outer loop
      vertex -782.7672067735082 -782.7672067735082 0
      vertex -806.9682705555027 757.7936462630581 0
      vertex -806.9682705555026 -757.7936462630585 0
    endloop
  endfacet
  facet normal 0 0 1
    outer loop
      vertex -757.7936462630585 -806.9682705555026 0
      vertex -782.7672067735082 782.7672067735082 0
      vertex -782.7672067735082 -782.7672067735082 0
    endloop
  endfacet
  facet normal -0.4679298142605748 -0.8837656300886927 0
    outer loop
      vertex -502.5674832116782 -986.3442222765233 0
      vertex -533.3013172305988 -970.071494808557 0
      vertex -533.3013172305988 -970.071494808557 -30
    endloop
  endfacet
  facet normal -0.4399391698559135 -0.8980275757606164 0
    outer loop
      vertex -471.33767576253547 -1001.6435470798835 0
      vertex -502.5674832116782 -986.3442222765233 0
      vertex -502.5674832116782 -986.3442222765233 -30
    endloop
  endfacet
  facet normal -0.4115143586051103 -0.9114032766354446 0
    outer loop
      vertex -439.6427149327023 -1015.9543706321671 0
      vertex -471.33767576253547 -1001.6435470798835 0
      vertex -471.33767576253547 -1001.6435470798835 -30
    endloop
  endfacet
  facet normal -0.3826834323650928 -0.9238795325112854 0
    outer loop
      vertex -407.5138798219384 -1029.2625698782945 0
      vertex -439.6427149327023 -1015.9543706321671 0
      vertex -439.6427149327023 -1015.9543706321671 -30
    endloop
  endfacet
  facet normal -0.49545866843240705 -0.8686315144381914 0
    outer loop
      vertex -533.3013172305988 -970.071494808557 0
      vertex -563.508847235661 -952.8414238933656 0
      vertex -563.508847235661 -952.8414238933656 -30
    endloop
  endfacet
  facet normal -0.3239174181981463 -0.9460853588275464 0
    outer loop
      vertex -342.08181277306676 -1052.8195635387349 0
      vertex -374.98287771153747 -1041.5550112323276 0
      vertex -374.98287771153747 -1041.5550112323276 -30
    endloop
  endfacet
  facet normal -0.35347484377925326 -0.9354440308298687 0
    outer loop
      vertex -374.98287771153747 -1041.5550112323276 0
      vertex -407.5138798219384 -1029.2625698782945 0
      vertex -407.5138798219384 -1029.2625698782945 -30
    endloop
  endfacet
  facet normal -0.29404032523230517 -0.9557930147983298 0
    outer loop
      vertex -308.8431543854269 -1063.0451100443759 0
      vertex -342.08181277306676 -1052.8195635387349 0
      vertex -342.08181277306676 -1052.8195635387349 -30
    endloop
  endfacet
  facet normal -0.26387304996537264 -0.9645574184577981 0
    outer loop
      vertex -275.29970509149433 -1072.2215593693945 0
      vertex -308.8431543854269 -1063.0451100443759 0
      vertex -308.8431543854269 -1063.0451100443759 -30
    endloop
  endfacet
  facet normal -0.23344536385591144 -0.9723699203976751 0
    outer loop
      vertex -241.4845682259725 -1080.3398554661935 0
      vertex -275.29970509149433 -1072.2215593693945 0
      vertex -275.29970509149433 -1072.2215593693945 -30
    endloop
  endfacet
  facet normal -0.20278729535650866 -0.9792228106217666 0
    outer loop
      vertex -207.4311152463971 -1087.3919865566584 0
      vertex -241.4845682259725 -1080.3398554661935 0
      vertex -241.4845682259725 -1080.3398554661935 -30
    endloop
  endfacet
  facet normal -0.1719291002794099 -0.9851093261547739 0
    outer loop
      vertex -173.17295279953558 -1093.3709930388175 0
      vertex -207.4311152463971 -1087.3919865566584 0
      vertex -207.4311152463971 -1087.3919865566584 -30
    endloop
  endfacet
  facet normal -0.1409012319375843 -0.9900236577165574 0
    outer loop
      vertex -138.74388955568483 -1098.270974355127 0
      vertex -173.17295279953558 -1093.3709930388175 0
      vertex -173.17295279953558 -1093.3709930388175 -30
    endloop
  endfacet
  facet normal -0.10973431109104453 -0.9939609554551799 0
    outer loop
      vertex -104.17790284359546 -1102.0870948156096 0
      vertex -138.74388955568483 -1098.270974355127 0
      vertex -138.74388955568483 -1098.270974355127 -30
    endloop
  endfacet
  facet normal -0.07845909572784118 -0.9969173337331283 0
    outer loop
      vertex -69.50910511894979 -1104.8155883700965 0
      vertex -104.17790284359546 -1102.0870948156096 0
      vertex -104.17790284359546 -1102.0870948156096 -30
    endloop
  endfacet
  facet normal -0.04710645070964413 -0.9988898749619699 0
    outer loop
      vertex -34.77171029948797 -1106.4537623248648 0
      vertex -69.50910511894979 -1104.8155883700965 0
      vertex -69.50910511894979 -1104.8155883700965 -30
    endloop
  endfacet
  facet normal -0.015707317311822143 -0.9998766324816605 0
    outer loop
      vertex 0 -1107 0
      vertex -34.77171029948797 -1106.4537623248648 0
      vertex -34.77171029948797 -1106.4537623248648 -30
    endloop
  endfacet
  facet normal 0 0 1
    outer loop
      vertex -173.17295279953558 -1093.3709930388175 0
      vertex -213 -497.5 0
      vertex -207.4311152463971 -1087.3919865566584 0
    endloop
  endfacet
  facet normal 0 0 1
    outer loop
      vertex -138.74388955568483 -1098.270974355127 0
      vertex -213 -497.5 0
      vertex -173.17295279953558 -1093.3709930388175 0
    endloop
  endfacet
  facet normal 0 0 1
    outer loop
      vertex -104.17790284359546 -1102.0870948156096 0
      vertex -213 -497.5 0
      vertex -138.74388955568483 -1098.270974355127 0
    endloop
  endfacet
  facet normal 0 0 1
    outer loop
      vertex -69.50910511894979 -1104.8155883700965 0
      vertex -213 -497.5 0
      vertex -104.17790284359546 -1102.0870948156096 0
    endloop
  endfacet
  facet normal 0 0 1
    outer loop
      vertex -34.77171029948797 -1106.4537623248648 0
      vertex -213 -497.5 0
      vertex -69.50910511894979 -1104.8155883700965 0
    endloop
  endfacet
  facet normal 0 0 1
    outer loop
      vertex 0 -1107 0
      vertex -213 -497.5 0
      vertex -34.77171029948797 -1106.4537623248648 0
    endloop
  endfacet
  facet normal 0 0 1
    outer loop
      vertex 34.77171029948797 -1106.4537623248648 0
      vertex -213 -497.5 0
      vertex 0 -1107 0
    endloop
  endfacet
  facet normal 0 0 1
    outer loop
      vertex 69.50910511894979 -1104.8155883700965 0
      vertex -213 -497.5 0
      vertex 34.77171029948797 -1106.4537623248648 0
    endloop
  endfacet
  facet normal 0 0 1
    outer loop
      vertex 104.17790284359546 -1102.0870948156096 0
      vertex -213 -497.5 0
      vertex 69.50910511894979 -1104.8155883700965 0
    endloop
  endfacet
  facet normal 1 0 0
    outer loop
      vertex -213 -497.5 -30
      vertex -213 -102.5 0
      vertex -213 -497.5 0
    endloop
  endfacet
  facet normal 0 0 1
    outer loop
      vertex -533.3013172305988 -970.071494808557 0
      vertex -563.5088472356614 952.8414238933653 0
      vertex -563.508847235661 -952.8414238933656 0
    endloop
  endfacet
  facet normal 0 0 1
    outer loop
      vertex -502.5674832116782 -986.3442222765233 0
      vertex -533.3013172305989 970.0714948085568 0
      vertex -533.3013172305988 -970.071494808557 0
    endloop
  endfacet
  facet normal 0 0 1
    outer loop
      vertex -471.33767576253547 -1001.6435470798835 0
      vertex -502.5674832116782 986.3442222765233 0
      vertex -502.5674832116782 -986.3442222765233 0
    endloop
  endfacet
  facet normal 0 0 1
    outer loop
      vertex -439.6427149327023 -1015.9543706321671 0
      vertex -471.3376757625352 1001.6435470798837 0
      vertex -471.33767576253547 -1001.6435470798835 0
    endloop
  endfacet
  facet normal 0 0 1
    outer loop
      vertex -407.5138798219384 -1029.2625698782945 0
      vertex -439.6427149327018 1015.9543706321673 0
      vertex -439.6427149327023 -1015.9543706321671 0
    endloop
  endfacet
  facet normal 0 0 1
    outer loop
      vertex -374.98287771153747 -1041.5550112323276 0
      vertex -407.51387982193893 1029.262569878294 0
      vertex -407.5138798219384 -1029.2625698782945 0
    endloop
  endfacet
  facet normal 0 0 1
    outer loop
      vertex -342.08181277306676 -1052.8195635387349 0
      vertex -374.9828777115378 1041.5550112323276 0
      vertex -374.98287771153747 -1041.5550112323276 0
    endloop
  endfacet
  facet normal 0 0 1
    outer loop
      vertex -308.8431543854269 -1063.0451100443759 0
      vertex -342.08181277306676 1052.8195635387349 0
      vertex -342.08181277306676 -1052.8195635387349 0
    endloop
  endfacet
  facet normal 0 0 1
    outer loop
      vertex -275.29970509149433 -1072.2215593693945 0
      vertex -308.84315438542654 1063.045110044376 0
      vertex -308.8431543854269 -1063.0451100443759 0
    endloop
  endfacet
  facet normal 0 0 1
    outer loop
      vertex -241.4845682259725 -1080.3398554661935 0
      vertex -275.2997050914939 1072.2215593693948 0
      vertex -275.29970509149433 -1072.2215593693945 0
    endloop
  endfacet
  facet normal 0 0 1
    outer loop
      vertex -207.4311152463971 -1087.3919865566584 0
      vertex -241.48456822597302 1080.3398554661933 0
      vertex -241.4845682259725 -1080.3398554661935 0
    endloop
  endfacet
  facet normal 0 0 1
    outer loop
      vertex -207.4311152463971 -1087.3919865566584 0
      vertex -213 -497.5 0
      vertex -241.48456822597302 1080.3398554661933 0
    endloop
  endfacet
  facet normal 0 0 -1
    outer loop
      vertex -1106.4537623248648 -34.77171029948802 -30
      vertex -1107 0 -30
      vertex -1106.4537623248648 34.771710299488234 -30
    endloop
  endfacet
  facet normal 0 0 -1
    outer loop
      vertex -1106.4537623248648 -34.77171029948802 -30
      vertex -1106.4537623248648 34.771710299488234 -30
      vertex -1104.8155883700965 69.50910511895033 -30
    endloop
  endfacet
  facet normal 0 0 -1
    outer loop
      vertex -1104.8155883700965 -69.5091051189499 -30
      vertex -1104.8155883700965 69.50910511895033 -30
      vertex -1102.0870948156096 104.17790284359491 -30
    endloop
  endfacet
  facet normal 0 0 -1
    outer loop
      vertex -1102.0870948156096 -104.17790284359536 -30
      vertex -1102.0870948156096 104.17790284359491 -30
      vertex -1098.270974355127 138.7438895556846 -30
    endloop
  endfacet
  facet normal 0 0 -1
    outer loop
      vertex -1098.270974355127 -138.7438895556848 -30
      vertex -1098.270974355127 138.7438895556846 -30
      vertex -1093.3709930388175 173.17295279953558 -30
    endloop
  endfacet
  facet normal 0 0 -1
    outer loop
      vertex -1093.3709930388175 -173.17295279953558 -30
      vertex -1093.3709930388175 173.17295279953558 -30
      vertex -1087.3919865566584 207.43111524639738 -30
    endloop
  endfacet
  facet normal 0 0 -1
    outer loop
      vertex -1087.3919865566584 -207.43111524639716 -30
      vertex -1087.3919865566584 207.43111524639738 -30
      vertex -1080.3398554661933 241.48456822597302 -30
    endloop
  endfacet
  facet normal 0 0 -1
    outer loop
      vertex -1080.3398554661935 -241.4845682259726 -30
      vertex -1080.3398554661933 241.48456822597302 -30
      vertex -1072.2215593693948 275.2997050914939 -30
    endloop
  endfacet
  facet normal 0 0 -1
    outer loop
      vertex -1072.2215593693945 -275.2997050914943 -30
      vertex -1072.2215593693948 275.2997050914939 -30
      vertex -1063.045110044376 308.84315438542654 -30
    endloop
  endfacet
  facet normal 0 0 -1
    outer loop
      vertex -1063.0451100443759 -308.8431543854268 -30
      vertex -1063.045110044376 308.84315438542654 -30
      vertex -1052.8195635387349 342.08181277306676 -30
    endloop
  endfacet
  facet normal 0 0 -1
    outer loop
      vertex -1052.8195635387349 -342.08181277306676 -30
      vertex -1052.8195635387349 342.08181277306676 -30
      vertex -1041.5550112323276 374.9828777115378 -30
    endloop
  endfacet
  facet normal 0 0 -1
    outer loop
      vertex -1041.5550112323276 -374.9828777115376 -30
      vertex -1041.5550112323276 374.9828777115378 -30
      vertex -1029.262569878294 407.51387982193893 -30
    endloop
  endfacet
  facet normal 0 0 -1
    outer loop
      vertex -1029.2625698782942 -407.51387982193853 -30
      vertex -1029.262569878294 407.51387982193893 -30
      vertex -1015.9543706321673 439.6427149327018 -30
    endloop
  endfacet
  facet normal 0 0 -1
    outer loop
      vertex -1015.9543706321671 -439.64271493270206 -30
      vertex -1015.9543706321673 439.6427149327018 -30
      vertex -1001.6435470798837 471.3376757625352 -30
    endloop
  endfacet
  facet normal 0 0 -1
    outer loop
      vertex -1001.6435470798837 -471.3376757625354 -30
      vertex -1001.6435470798837 471.3376757625352 -30
      vertex -986.3442222765233 502.5674832116782 -30
    endloop
  endfacet
  facet normal 0 0 -1
    outer loop
      vertex -986.3442222765233 -502.5674832116782 -30
      vertex -986.3442222765233 502.5674832116782 -30
      vertex -970.0714948085568 533.3013172305989 -30
    endloop
  endfacet
  facet normal 0 0 -1
    outer loop
      vertex -970.071494808557 -533.3013172305989 -30
      vertex -970.0714948085568 533.3013172305989 -30
      vertex -952.8414238933653 563.5088472356614 -30
    endloop
  endfacet
  facet normal 0 0 -1
    outer loop
      vertex -952.8414238933656 -563.508847235661 -30
      vertex -952.8414238933653 563.5088472356614 -30
      vertex -934.671013530731 593.1602620417488 -30
    endloop
  endfacet
  facet normal 0 0 -1
    outer loop
      vertex -934.6710135307306 -593.1602620417493 -30
      vertex -934.671013530731 593.1602620417488 -30
      vertex -915.5781957219401 622.2262992823084 -30
    endloop
  endfacet
  facet normal 0 0 -1
    outer loop
      vertex -915.5781957219399 -622.2262992823086 -30
      vertex -915.5781957219401 622.2262992823084 -30
      vertex -895.5818127730669 650.6782742877677 -30
    endloop
  endfacet
  facet normal 0 0 -1
    outer loop
      vertex -895.5818127730669 -650.6782742877677 -30
      vertex -895.5818127730669 650.6782742877677 -30
      vertex -874.701598699889 678.4881083938452 -30
    endloop
  endfacet
  facet normal 0 0 -1
    outer loop
      vertex -874.7015986998892 -678.4881083938449 -30
      vertex -874.701598699889 678.4881083938452 -30
      vertex -852.9581597527985 705.6283566517998 -30
    endloop
  endfacet
  facet normal 0 0 -1
    outer loop
      vertex -852.9581597527986 -705.6283566517995 -30
      vertex -852.9581597527985 705.6283566517998 -30
      vertex -830.372954080919 732.0722349132822 -30
    endloop
  endfacet
  facet normal 0 0 -1
    outer loop
      vertex -830.3729540809188 -732.0722349132826 -30
      vertex -830.372954080919 732.0722349132822 -30
      vertex -806.9682705555027 757.7936462630581 -30
    endloop
  endfacet
  facet normal 0 0 -1
    outer loop
      vertex -806.9682705555026 -757.7936462630585 -30
      vertex -806.9682705555027 757.7936462630581 -30
      vertex -782.7672067735082 782.7672067735082 -30
    endloop
  endfacet
  facet normal 0 0 -1
    outer loop
      vertex -782.7672067735082 -782.7672067735082 -30
      vertex -782.7672067735082 782.7672067735082 -30
      vertex -757.7936462630581 806.9682705555027 -30
    endloop
  endfacet
  facet normal 0 0 -1
    outer loop
      vertex -757.7936462630585 -806.9682705555026 -30
      vertex -757.7936462630581 806.9682705555027 -30
      vertex -732.0722349132822 830.372954080919 -30
    endloop
  endfacet
  facet normal 0 0 -1
    outer loop
      vertex -732.0722349132826 -830.3729540809188 -30
      vertex -732.0722349132822 830.372954080919 -30
      vertex -705.6283566517998 852.9581597527985 -30
    endloop
  endfacet
  facet normal 0 0 -1
    outer loop
      vertex -705.6283566517995 -852.9581597527986 -30
      vertex -705.6283566517998 852.9581597527985 -30
      vertex -678.4881083938452 874.701598699889 -30
    endloop
  endfacet
  facet normal 0 0 -1
    outer loop
      vertex -678.4881083938449 -874.7015986998892 -30
      vertex -678.4881083938452 874.701598699889 -30
      vertex -650.6782742877677 895.5818127730669 -30
    endloop
  endfacet
  facet normal 0 0 -1
    outer loop
      vertex -650.6782742877677 -895.5818127730669 -30
      vertex -650.6782742877677 895.5818127730669 -30
      vertex -622.2262992823084 915.5781957219401 -30
    endloop
  endfacet
  facet normal 0 0 -1
    outer loop
      vertex -622.2262992823086 -915.5781957219399 -30
      vertex -622.2262992823084 915.5781957219401 -30
      vertex -593.1602620417488 934.671013530731 -30
    endloop
  endfacet
  facet normal 0 0 -1
    outer loop
      vertex -593.1602620417493 -934.6710135307306 -30
      vertex -593.1602620417488 934.671013530731 -30
      vertex -563.5088472356614 952.8414238933653 -30
    endloop
  endfacet
  facet normal -0.9998766324816605 0.01570731731182202 0
    outer loop
      vertex -1106.4537623248648 34.771710299488234 0
      vertex -1106.4537623248648 34.771710299488234 -30
      vertex -1107 0 -30
    endloop
  endfacet
  facet normal -0.9988898749619699 0.04710645070964376 0
    outer loop
      vertex -1104.8155883700965 69.50910511895033 0
      vertex -1104.8155883700965 69.50910511895033 -30
      vertex -1106.4537623248648 34.771710299488234 -30
    endloop
  endfacet
  facet normal -0.996917333733128 0.07845909572784365 0
    outer loop
      vertex -1102.0870948156096 104.17790284359491 0
      vertex -1102.0870948156096 104.17790284359491 -30
      vertex -1104.8155883700965 69.50910511895033 -30
    endloop
  endfacet
  facet normal -0.9939609554551798 0.10973431109104348 0
    outer loop
      vertex -1098.270974355127 138.7438895556846 0
      vertex -1098.270974355127 138.7438895556846 -30
      vertex -1102.0870948156096 104.17790284359491 -30
    endloop
  endfacet
  facet normal -0.9900236577165575 0.14090123193758336 0
    outer loop
      vertex -1093.3709930388175 173.17295279953558 0
      vertex -1093.3709930388175 173.17295279953558 -30
      vertex -1098.270974355127 138.7438895556846 -30
    endloop
  endfacet
  facet normal -0.985109326154774 0.1719291002794085 0
    outer loop
      vertex -1087.3919865566584 207.43111524639738 0
      vertex -1087.3919865566584 207.43111524639738 -30
      vertex -1093.3709930388175 173.17295279953558 -30
    endloop
  endfacet
  facet normal -0.9792228106217655 0.2027872953565136 0
    outer loop
      vertex -1080.3398554661933 241.48456822597302 0
      vertex -1080.3398554661933 241.48456822597302 -30
      vertex -1087.3919865566584 207.43111524639738 -30
    endloop
  endfacet
  facet normal -0.9723699203976766 0.2334453638559054 0
    outer loop
      vertex -1072.2215593693948 275.2997050914939 0
      vertex -1072.2215593693948 275.2997050914939 -30
      vertex -1080.3398554661933 241.48456822597302 -30
    endloop
  endfacet
  facet normal -0.9645574184577984 0.26387304996537186 0
    outer loop
      vertex -1063.045110044376 308.84315438542654 0
      vertex -1063.045110044376 308.84315438542654 -30
      vertex -1072.2215593693948 275.2997050914939 -30
    endloop
  endfacet
  facet normal -0.9557930147983287 0.29404032523230833 0
    outer loop
      vertex -1052.8195635387349 342.08181277306676 0
      vertex -1052.8195635387349 342.08181277306676 -30
      vertex -1063.045110044376 308.84315438542654 -30
    endloop
  endfacet
  facet normal -0.9460853588275475 0.3239174181981433 0
    outer loop
      vertex -1041.5550112323276 374.9828777115378 0
      vertex -1041.5550112323276 374.9828777115378 -30
      vertex -1052.8195635387349 342.08181277306676 -30
    endloop
  endfacet
  facet normal -0.935444030829865 0.35347484377926314 0
    outer loop
      vertex -1029.262569878294 407.51387982193893 0
      vertex -1029.262569878294 407.51387982193893 -30
      vertex -1041.5550112323276 374.9828777115378 -30
    endloop
  endfacet
  facet normal -0.9238795325112881 0.3826834323650864 0
    outer loop
      vertex -1015.9543706321673 439.6427149327018 0
      vertex -1015.9543706321673 439.6427149327018 -30
      vertex -1029.262569878294 407.51387982193893 -30
    endloop
  endfacet
  facet normal -0.9114032766354444 0.41151435860511054 0
    outer loop
      vertex -1001.6435470798837 471.3376757625352 0
      vertex -1001.6435470798837 471.3376757625352 -30
      vertex -1015.9543706321673 439.6427149327018 -30
    endloop
  endfacet
  facet normal -0.8980275757606168 0.43993916985591297 0
    outer loop
      vertex -986.3442222765233 502.5674832116782 0
      vertex -986.3442222765233 502.5674832116782 -30
      vertex -1001.6435470798837 471.3376757625352 -30
    endloop
  endfacet
  facet normal -0.8837656300886921 0.467929814260576 0
    outer loop
      vertex -970.0714948085568 533.3013172305989 0
      vertex -970.0714948085568 533.3013172305989 -30
      vertex -986.3442222765233 502.5674832116782 -30
    endloop
  endfacet
  facet normal -0.8686315144381915 0.49545866843240666 0
    outer loop
      vertex -952.8414238933653 563.5088472356614 0
      vertex -952.8414238933653 563.5088472356614 -30
      vertex -970.0714948085568 533.3013172305989 -30
    endloop
  endfacet
  facet normal -0.8526401643540925 0.5224985647159484 0
    outer loop
      vertex -934.671013530731 593.1602620417488 0
      vertex -934.671013530731 593.1602620417488 -30
      vertex -952.8414238933653 563.5088472356614 -30
    endloop
  endfacet
  facet normal -0.8358073613682719 0.5490228179981291 0
    outer loop
      vertex -915.5781957219401 622.2262992823084 0
      vertex -915.5781957219401 622.2262992823084 -30
      vertex -934.671013530731 593.1602620417488 -30
    endloop
  endfacet
  facet normal -0.8181497174250232 0.575005252043279 0
    outer loop
      vertex -895.5818127730669 650.6782742877677 0
      vertex -895.5818127730669 650.6782742877677 -30
      vertex -915.5781957219401 622.2262992823084 -30
    endloop
  endfacet
  facet normal -0.7996846584870889 0.6004202253258861 0
    outer loop
      vertex -874.701598699889 678.4881083938452 0
      vertex -874.701598699889 678.4881083938452 -30
      vertex -895.5818127730669 650.6782742877677 -30
    endloop
  endfacet
  facet normal -0.7804304073383299 0.6252426563357049 0
    outer loop
      vertex -852.9581597527985 705.6283566517998 0
      vertex -852.9581597527985 705.6283566517998 -30
      vertex -874.701598699889 678.4881083938452 -30
    endloop
  endfacet
  facet normal -0.7604059656000299 0.6494480483301849 0
    outer loop
      vertex -830.372954080919 732.0722349132822 0
      vertex -830.372954080919 732.0722349132822 -30
      vertex -852.9581597527985 705.6283566517998 -30
    endloop
  endfacet
  facet normal -0.7396310949786102 0.6730125135097725 0
    outer loop
      vertex -806.9682705555027 757.7936462630581 0
      vertex -806.9682705555027 757.7936462630581 -30
      vertex -830.372954080919 732.0722349132822 -30
    endloop
  endfacet
  facet normal -0.7181262977631916 0.6959127965923113 0
    outer loop
      vertex -782.7672067735082 782.7672067735082 0
      vertex -782.7672067735082 782.7672067735082 -30
      vertex -806.9682705555027 757.7936462630581 -30
    endloop
  endfacet
  facet normal -0.6959127965923113 0.7181262977631916 0
    outer loop
      vertex -782.7672067735082 782.7672067735082 0
      vertex -757.7936462630581 806.9682705555027 -30
      vertex -782.7672067735082 782.7672067735082 -30
    endloop
  endfacet
  facet normal -0.6730125135097725 0.7396310949786102 0
    outer loop
      vertex -757.7936462630581 806.9682705555027 0
      vertex -732.0722349132822 830.372954080919 -30
      vertex -757.7936462630581 806.9682705555027 -30
    endloop
  endfacet
  facet normal -0.6494480483301849 0.7604059656000299 0
    outer loop
      vertex -732.0722349132822 830.372954080919 0
      vertex -705.6283566517998 852.9581597527985 -30
      vertex -732.0722349132822 830.372954080919 -30
    endloop
  endfacet
  facet normal -0.6252426563357049 0.7804304073383299 0
    outer loop
      vertex -705.6283566517998 852.9581597527985 0
      vertex -678.4881083938452 874.701598699889 -30
      vertex -705.6283566517998 852.9581597527985 -30
    endloop
  endfacet
  facet normal -0.6004202253258861 0.7996846584870889 0
    outer loop
      vertex -678.4881083938452 874.701598699889 0
      vertex -650.6782742877677 895.5818127730669 -30
      vertex -678.4881083938452 874.701598699889 -30
    endloop
  endfacet
  facet normal -0.575005252043279 0.8181497174250232 0
    outer loop
      vertex -650.6782742877677 895.5818127730669 0
      vertex -622.2262992823084 915.5781957219401 -30
      vertex -650.6782742877677 895.5818127730669 -30
    endloop
  endfacet
  facet normal -0.5490228179981291 0.8358073613682719 0
    outer loop
      vertex -622.2262992823084 915.5781957219401 0
      vertex -593.1602620417488 934.671013530731 -30
      vertex -622.2262992823084 915.5781957219401 -30
    endloop
  endfacet
  facet normal -0.5224985647159484 0.8526401643540925 0
    outer loop
      vertex -593.1602620417488 934.671013530731 0
      vertex -563.5088472356614 952.8414238933653 -30
      vertex -593.1602620417488 934.671013530731 -30
    endloop
  endfacet
  facet normal 0 0 -1
    outer loop
      vertex -563.508847235661 -952.8414238933656 -30
      vertex -563.5088472356614 952.8414238933653 -30
      vertex -533.3013172305989 970.0714948085568 -30
    endloop
  endfacet
  facet normal 0 0 -1
    outer loop
      vertex -533.3013172305988 -970.071494808557 -30
      vertex -533.3013172305989 970.0714948085568 -30
      vertex -502.5674832116782 986.3442222765233 -30
    endloop
  endfacet
  facet normal 0 0 -1
    outer loop
      vertex -502.5674832116782 -986.3442222765233 -30
      vertex -502.5674832116782 986.3442222765233 -30
      vertex -471.3376757625352 1001.6435470798837 -30
    endloop
  endfacet
  facet normal 0 0 -1
    outer loop
      vertex -471.33767576253547 -1001.6435470798835 -30
      vertex -471.3376757625352 1001.6435470798837 -30
      vertex -439.6427149327018 1015.9543706321673 -30
    endloop
  endfacet
  facet normal 0 0 -1
    outer loop
      vertex -439.6427149327023 -1015.9543706321671 -30
      vertex -439.6427149327018 1015.9543706321673 -30
      vertex -407.51387982193893 1029.262569878294 -30
    endloop
  endfacet
  facet normal 0 0 -1
    outer loop
      vertex -407.5138798219384 -1029.2625698782945 -30
      vertex -407.51387982193893 1029.262569878294 -30
      vertex -374.9828777115378 1041.5550112323276 -30
    endloop
  endfacet
  facet normal 0 0 -1
    outer loop
      vertex -374.98287771153747 -1041.5550112323276 -30
      vertex -374.9828777115378 1041.5550112323276 -30
      vertex -342.08181277306676 1052.8195635387349 -30
    endloop
  endfacet
  facet normal 0 0 -1
    outer loop
      vertex -342.08181277306676 -1052.8195635387349 -30
      vertex -342.08181277306676 1052.8195635387349 -30
      vertex -308.84315438542654 1063.045110044376 -30
    endloop
  endfacet
  facet normal 0 0 -1
    outer loop
      vertex -308.8431543854269 -1063.0451100443759 -30
      vertex -308.84315438542654 1063.045110044376 -30
      vertex -275.2997050914939 1072.2215593693948 -30
    endloop
  endfacet
  facet normal 0 0 -1
    outer loop
      vertex -275.29970509149433 -1072.2215593693945 -30
      vertex -275.2997050914939 1072.2215593693948 -30
      vertex -241.48456822597302 1080.3398554661933 -30
    endloop
  endfacet
  facet normal 0 0 -1
    outer loop
      vertex -241.4845682259725 -1080.3398554661935 -30
      vertex -241.48456822597302 1080.3398554661933 -30
      vertex -207.43111524639738 1087.3919865566584 -30
    endloop
  endfacet
  facet normal 0 0 -1
    outer loop
      vertex -173.17295279953558 1093.3709930388175 -30
      vertex -213 -102.5 -30
      vertex -207.43111524639738 1087.3919865566584 -30
    endloop
  endfacet
  facet normal 0 0 -1
    outer loop
      vertex -138.7438895556846 1098.270974355127 -30
      vertex -213 -102.5 -30
      vertex -173.17295279953558 1093.3709930388175 -30
    endloop
  endfacet
  facet normal 0 0 -1
    outer loop
      vertex -104.17790284359491 1102.0870948156096 -30
      vertex -213 -102.5 -30
      vertex -138.7438895556846 1098.270974355127 -30
    endloop
  endfacet
  facet normal 0 0 -1
    outer loop
      vertex -69.50910511895033 1104.8155883700965 -30
      vertex -213 -102.5 -30
      vertex -104.17790284359491 1102.0870948156096 -30
    endloop
  endfacet
  facet normal 0 0 -1
    outer loop
      vertex -34.771710299488234 1106.4537623248648 -30
      vertex -213 -102.5 -30
      vertex -69.50910511895033 1104.8155883700965 -30
    endloop
  endfacet
  facet normal 0 0 -1
    outer loop
      vertex 0 1107 -30
      vertex -213 -102.5 -30
      vertex -34.771710299488234 1106.4537623248648 -30
    endloop
  endfacet
  facet normal 0 0 -1
    outer loop
      vertex 34.771710299488234 1106.4537623248648 -30
      vertex -213 -102.5 -30
      vertex 0 1107 -30
    endloop
  endfacet
  facet normal 0 0 -1
    outer loop
      vertex 69.50910511895033 1104.8155883700965 -30
      vertex -213 -102.5 -30
      vertex 34.771710299488234 1106.4537623248648 -30
    endloop
  endfacet
  facet normal 0 0 -1
    outer loop
      vertex 104.17790284359491 1102.0870948156096 -30
      vertex -213 -102.5 -30
      vertex 69.50910511895033 1104.8155883700965 -30
    endloop
  endfacet
  facet normal -0.49545866843240666 0.8686315144381915 0
    outer loop
      vertex -563.5088472356614 952.8414238933653 0
      vertex -533.3013172305989 970.0714948085568 -30
      vertex -563.5088472356614 952.8414238933653 -30
    endloop
  endfacet
  facet normal -0.467929814260576 0.8837656300886921 0
    outer loop
      vertex -533.3013172305989 970.0714948085568 0
      vertex -502.5674832116782 986.3442222765233 -30
      vertex -533.3013172305989 970.0714948085568 -30
    endloop
  endfacet
  facet normal -0.43993916985591297 0.8980275757606168 0
    outer loop
      vertex -502.5674832116782 986.3442222765233 0
      vertex -471.3376757625352 1001.6435470798837 -30
      vertex -502.5674832116782 986.3442222765233 -30
    endloop
  endfacet
  facet normal -0.41151435860511054 0.9114032766354444 0
    outer loop
      vertex -471.3376757625352 1001.6435470798837 0
      vertex -439.6427149327018 1015.9543706321673 -30
      vertex -471.3376757625352 1001.6435470798837 -30
    endloop
  endfacet
  facet normal -0.3826834323650864 0.9238795325112881 0
    outer loop
      vertex -439.6427149327018 1015.9543706321673 0
      vertex -407.51387982193893 1029.262569878294 -30
      vertex -439.6427149327018 1015.9543706321673 -30
    endloop
  endfacet
  facet normal -0.35347484377926314 0.935444030829865 0
    outer loop
      vertex -407.51387982193893 1029.262569878294 0
      vertex -374.9828777115378 1041.5550112323276 -30
      vertex -407.51387982193893 1029.262569878294 -30
    endloop
  endfacet
  facet normal -0.3239174181981433 0.9460853588275475 0
    outer loop
      vertex -374.9828777115378 1041.5550112323276 0
      vertex -342.08181277306676 1052.8195635387349 -30
      vertex -374.9828777115378 1041.5550112323276 -30
    endloop
  endfacet
  facet normal -0.29404032523230833 0.9557930147983287 0
    outer loop
      vertex -342.08181277306676 1052.8195635387349 0
      vertex -308.84315438542654 1063.045110044376 -30
      vertex -342.08181277306676 1052.8195635387349 -30
    endloop
  endfacet
  facet normal -0.26387304996537186 0.9645574184577984 0
    outer loop
      vertex -308.84315438542654 1063.045110044376 0
      vertex -275.2997050914939 1072.2215593693948 -30
      vertex -308.84315438542654 1063.045110044376 -30
    endloop
  endfacet
  facet normal -0.2334453638559054 0.9723699203976766 0
    outer loop
      vertex -275.2997050914939 1072.2215593693948 0
      vertex -241.48456822597302 1080.3398554661933 -30
      vertex -275.2997050914939 1072.2215593693948 -30
    endloop
  endfacet
  facet normal -0.2027872953565136 0.9792228106217655 0
    outer loop
      vertex -241.48456822597302 1080.3398554661933 0
      vertex -207.43111524639738 1087.3919865566584 -30
      vertex -241.48456822597302 1080.3398554661933 -30
    endloop
  endfacet
  facet normal -0.1719291002794085 0.985109326154774 0
    outer loop
      vertex -207.43111524639738 1087.3919865566584 0
      vertex -173.17295279953558 1093.3709930388175 -30
      vertex -207.43111524639738 1087.3919865566584 -30
    endloop
  endfacet
  facet normal -0.14090123193758336 0.9900236577165575 0
    outer loop
      vertex -173.17295279953558 1093.3709930388175 0
      vertex -138.7438895556846 1098.270974355127 -30
      vertex -173.17295279953558 1093.3709930388175 -30
    endloop
  endfacet
  facet normal -0.10973431109104348 0.9939609554551798 0
    outer loop
      vertex -138.7438895556846 1098.270974355127 0
      vertex -104.17790284359491 1102.0870948156096 -30
      vertex -138.7438895556846 1098.270974355127 -30
    endloop
  endfacet
  facet normal -0.07845909572784365 0.996917333733128 0
    outer loop
      vertex -104.17790284359491 1102.0870948156096 0
      vertex -69.50910511895033 1104.8155883700965 -30
      vertex -104.17790284359491 1102.0870948156096 -30
    endloop
  endfacet
  facet normal -0.04710645070964376 0.9988898749619699 0
    outer loop
      vertex -69.50910511895033 1104.8155883700965 0
      vertex -34.771710299488234 1106.4537623248648 -30
      vertex -69.50910511895033 1104.8155883700965 -30
    endloop
  endfacet
  facet normal -0.01570731731182202 0.9998766324816605 0
    outer loop
      vertex -34.771710299488234 1106.4537623248648 0
      vertex 0 1107 -30
      vertex -34.771710299488234 1106.4537623248648 -30
    endloop
  endfacet
  facet normal -0.9998766324816605 0.01570731731182202 0
    outer loop
      vertex -1107 0 0
      vertex -1106.4537623248648 34.771710299488234 0
      vertex -1107 0 -30
    endloop
  endfacet
  facet normal -0.9988898749619699 0.04710645070964376 0
    outer loop
      vertex -1106.4537623248648 34.771710299488234 0
      vertex -1104.8155883700965 69.50910511895033 0
      vertex -1106.4537623248648 34.771710299488234 -30
    endloop
  endfacet
  facet normal -0.996917333733128 0.07845909572784365 0
    outer loop
      vertex -1104.8155883700965 69.50910511895033 0
      vertex -1102.0870948156096 104.17790284359491 0
      vertex -1104.8155883700965 69.50910511895033 -30
    endloop
  endfacet
  facet normal -0.9939609554551798 0.10973431109104348 0
    outer loop
      vertex -1102.0870948156096 104.17790284359491 0
      vertex -1098.270974355127 138.7438895556846 0
      vertex -1102.0870948156096 104.17790284359491 -30
    endloop
  endfacet
  facet normal -0.9900236577165575 0.14090123193758336 0
    outer loop
      vertex -1098.270974355127 138.7438895556846 0
      vertex -1093.3709930388175 173.17295279953558 0
      vertex -1098.270974355127 138.7438895556846 -30
    endloop
  endfacet
  facet normal -0.985109326154774 0.1719291002794085 0
    outer loop
      vertex -1087.3919865566584 207.43111524639738 0
      vertex -1093.3709930388175 173.17295279953558 -30
      vertex -1093.3709930388175 173.17295279953558 0
    endloop
  endfacet
  facet normal -0.9792228106217655 0.2027872953565136 0
    outer loop
      vertex -1087.3919865566584 207.43111524639738 0
      vertex -1080.3398554661933 241.48456822597302 0
      vertex -1087.3919865566584 207.43111524639738 -30
    endloop
  endfacet
  facet normal -0.9723699203976766 0.2334453638559054 0
    outer loop
      vertex -1072.2215593693948 275.2997050914939 0
      vertex -1080.3398554661933 241.48456822597302 -30
      vertex -1080.3398554661933 241.48456822597302 0
    endloop
  endfacet
  facet normal -0.9645574184577984 0.26387304996537186 0
    outer loop
      vertex -1072.2215593693948 275.2997050914939 0
      vertex -1063.045110044376 308.84315438542654 0
      vertex -1072.2215593693948 275.2997050914939 -30
    endloop
  endfacet
  facet normal -0.9557930147983287 0.29404032523230833 0
    outer loop
      vertex -1063.045110044376 308.84315438542654 0
      vertex -1052.8195635387349 342.08181277306676 0
      vertex -1063.045110044376 308.84315438542654 -30
    endloop
  endfacet
  facet normal -0.9460853588275475 0.3239174181981433 0
    outer loop
      vertex -1052.8195635387349 342.08181277306676 0
      vertex -1041.5550112323276 374.9828777115378 0
      vertex -1052.8195635387349 342.08181277306676 -30
    endloop
  endfacet
  facet normal -0.935444030829865 0.35347484377926314 0
    outer loop
      vertex -1029.262569878294 407.51387982193893 0
      vertex -1041.5550112323276 374.9828777115378 -30
      vertex -1041.5550112323276 374.9828777115378 0
    endloop
  endfacet
  facet normal -0.9238795325112881 0.3826834323650864 0
    outer loop
      vertex -1029.262569878294 407.51387982193893 0
      vertex -1015.9543706321673 439.6427149327018 0
      vertex -1029.262569878294 407.51387982193893 -30
    endloop
  endfacet
  facet normal -0.9114032766354444 0.41151435860511054 0
    outer loop
      vertex -1001.6435470798837 471.3376757625352 0
      vertex -1015.9543706321673 439.6427149327018 -30
      vertex -1015.9543706321673 439.6427149327018 0
    endloop
  endfacet
  facet normal -0.8980275757606168 0.43993916985591297 0
    outer loop
      vertex -1001.6435470798837 471.3376757625352 0
      vertex -986.3442222765233 502.5674832116782 0
      vertex -1001.6435470798837 471.3376757625352 -30
    endloop
  endfacet
  facet normal -0.8837656300886921 0.467929814260576 0
    outer loop
      vertex -986.3442222765233 502.5674832116782 0
      vertex -970.0714948085568 533.3013172305989 0
      vertex -986.3442222765233 502.5674832116782 -30
    endloop
  endfacet
  facet normal -0.8686315144381915 0.49545866843240666 0
    outer loop
      vertex -970.0714948085568 533.3013172305989 0
      vertex -952.8414238933653 563.5088472356614 0
      vertex -970.0714948085568 533.3013172305989 -30
    endloop
  endfacet
  facet normal 0 0 1
    outer loop
      vertex -1106.4537623248648 -34.77171029948802 0
      vertex -1106.4537623248648 34.771710299488234 0
      vertex -1107 0 0
    endloop
  endfacet
  facet normal 0 0 1
    outer loop
      vertex -1104.8155883700965 -69.5091051189499 0
      vertex -1104.8155883700965 69.50910511895033 0
      vertex -1106.4537623248648 34.771710299488234 0
    endloop
  endfacet
  facet normal 0 0 1
    outer loop
      vertex -1102.0870948156096 -104.17790284359536 0
      vertex -1102.0870948156096 104.17790284359491 0
      vertex -1104.8155883700965 69.50910511895033 0
    endloop
  endfacet
  facet normal 0 0 1
    outer loop
      vertex -1098.270974355127 -138.7438895556848 0
      vertex -1098.270974355127 138.7438895556846 0
      vertex -1102.0870948156096 104.17790284359491 0
    endloop
  endfacet
  facet normal 0 0 1
    outer loop
      vertex -1093.3709930388175 -173.17295279953558 0
      vertex -1093.3709930388175 173.17295279953558 0
      vertex -1098.270974355127 138.7438895556846 0
    endloop
  endfacet
  facet normal 0 0 1
    outer loop
      vertex -1087.3919865566584 -207.43111524639716 0
      vertex -1087.3919865566584 207.43111524639738 0
      vertex -1093.3709930388175 173.17295279953558 0
    endloop
  endfacet
  facet normal 0 0 1
    outer loop
      vertex -1080.3398554661935 -241.4845682259726 0
      vertex -1080.3398554661933 241.48456822597302 0
      vertex -1087.3919865566584 207.43111524639738 0
    endloop
  endfacet
  facet normal 0 0 1
    outer loop
      vertex -1072.2215593693945 -275.2997050914943 0
      vertex -1072.2215593693948 275.2997050914939 0
      vertex -1080.3398554661933 241.48456822597302 0
    endloop
  endfacet
  facet normal 0 0 1
    outer loop
      vertex -1063.0451100443759 -308.8431543854268 0
      vertex -1063.045110044376 308.84315438542654 0
      vertex -1072.2215593693948 275.2997050914939 0
    endloop
  endfacet
  facet normal 0 0 1
    outer loop
      vertex -1052.8195635387349 -342.08181277306676 0
      vertex -1052.8195635387349 342.08181277306676 0
      vertex -1063.045110044376 308.84315438542654 0
    endloop
  endfacet
  facet normal 0 0 1
    outer loop
      vertex -1041.5550112323276 -374.9828777115376 0
      vertex -1041.5550112323276 374.9828777115378 0
      vertex -1052.8195635387349 342.08181277306676 0
    endloop
  endfacet
  facet normal 0 0 1
    outer loop
      vertex -1029.2625698782942 -407.51387982193853 0
      vertex -1029.262569878294 407.51387982193893 0
      vertex -1041.5550112323276 374.9828777115378 0
    endloop
  endfacet
  facet normal 0 0 1
    outer loop
      vertex -1015.9543706321671 -439.64271493270206 0
      vertex -1015.9543706321673 439.6427149327018 0
      vertex -1029.262569878294 407.51387982193893 0
    endloop
  endfacet
  facet normal 0 0 1
    outer loop
      vertex -1001.6435470798837 -471.3376757625354 0
      vertex -1001.6435470798837 471.3376757625352 0
      vertex -1015.9543706321673 439.6427149327018 0
    endloop
  endfacet
  facet normal 0 0 1
    outer loop
      vertex -986.3442222765233 -502.5674832116782 0
      vertex -986.3442222765233 502.5674832116782 0
      vertex -1001.6435470798837 471.3376757625352 0
    endloop
  endfacet
  facet normal 0 0 1
    outer loop
      vertex -970.071494808557 -533.3013172305989 0
      vertex -970.0714948085568 533.3013172305989 0
      vertex -986.3442222765233 502.5674832116782 0
    endloop
  endfacet
  facet normal 0 0 1
    outer loop
      vertex -952.8414238933656 -563.508847235661 0
      vertex -952.8414238933653 563.5088472356614 0
      vertex -970.0714948085568 533.3013172305989 0
    endloop
  endfacet
  facet normal 0 0 1
    outer loop
      vertex -934.6710135307306 -593.1602620417493 0
      vertex -934.671013530731 593.1602620417488 0
      vertex -952.8414238933653 563.5088472356614 0
    endloop
  endfacet
  facet normal 0 0 1
    outer loop
      vertex -915.5781957219399 -622.2262992823086 0
      vertex -915.5781957219401 622.2262992823084 0
      vertex -934.671013530731 593.1602620417488 0
    endloop
  endfacet
  facet normal 0 0 1
    outer loop
      vertex -895.5818127730669 -650.6782742877677 0
      vertex -895.5818127730669 650.6782742877677 0
      vertex -915.5781957219401 622.2262992823084 0
    endloop
  endfacet
  facet normal 0 0 1
    outer loop
      vertex -874.7015986998892 -678.4881083938449 0
      vertex -874.701598699889 678.4881083938452 0
      vertex -895.5818127730669 650.6782742877677 0
    endloop
  endfacet
  facet normal 0 0 1
    outer loop
      vertex -852.9581597527986 -705.6283566517995 0
      vertex -852.9581597527985 705.6283566517998 0
      vertex -874.701598699889 678.4881083938452 0
    endloop
  endfacet
  facet normal 0 0 1
    outer loop
      vertex -830.3729540809188 -732.0722349132826 0
      vertex -830.372954080919 732.0722349132822 0
      vertex -852.9581597527985 705.6283566517998 0
    endloop
  endfacet
  facet normal 0 0 1
    outer loop
      vertex -806.9682705555026 -757.7936462630585 0
      vertex -806.9682705555027 757.7936462630581 0
      vertex -830.372954080919 732.0722349132822 0
    endloop
  endfacet
  facet normal 0 0 1
    outer loop
      vertex -782.7672067735082 -782.7672067735082 0
      vertex -782.7672067735082 782.7672067735082 0
      vertex -806.9682705555027 757.7936462630581 0
    endloop
  endfacet
  facet normal 0 0 1
    outer loop
      vertex -757.7936462630585 -806.9682705555026 0
      vertex -757.7936462630581 806.9682705555027 0
      vertex -782.7672067735082 782.7672067735082 0
    endloop
  endfacet
  facet normal 0 0 1
    outer loop
      vertex -732.0722349132826 -830.3729540809188 0
      vertex -732.0722349132822 830.372954080919 0
      vertex -757.7936462630581 806.9682705555027 0
    endloop
  endfacet
  facet normal 0 0 1
    outer loop
      vertex -705.6283566517995 -852.9581597527986 0
      vertex -705.6283566517998 852.9581597527985 0
      vertex -732.0722349132822 830.372954080919 0
    endloop
  endfacet
  facet normal 0 0 1
    outer loop
      vertex -678.4881083938449 -874.7015986998892 0
      vertex -678.4881083938452 874.701598699889 0
      vertex -705.6283566517998 852.9581597527985 0
    endloop
  endfacet
  facet normal 0 0 1
    outer loop
      vertex -650.6782742877677 -895.5818127730669 0
      vertex -650.6782742877677 895.5818127730669 0
      vertex -678.4881083938452 874.701598699889 0
    endloop
  endfacet
  facet normal 0 0 1
    outer loop
      vertex -622.2262992823086 -915.5781957219399 0
      vertex -622.2262992823084 915.5781957219401 0
      vertex -650.6782742877677 895.5818127730669 0
    endloop
  endfacet
  facet normal 0 0 1
    outer loop
      vertex -593.1602620417493 -934.6710135307306 0
      vertex -593.1602620417488 934.671013530731 0
      vertex -622.2262992823084 915.5781957219401 0
    endloop
  endfacet
  facet normal 0 0 1
    outer loop
      vertex -563.508847235661 -952.8414238933656 0
      vertex -563.5088472356614 952.8414238933653 0
      vertex -593.1602620417488 934.671013530731 0
    endloop
  endfacet
  facet normal -0.8526401643540925 0.5224985647159484 0
    outer loop
      vertex -952.8414238933653 563.5088472356614 0
      vertex -934.671013530731 593.1602620417488 0
      vertex -952.8414238933653 563.5088472356614 -30
    endloop
  endfacet
  facet normal -0.8358073613682719 0.5490228179981291 0
    outer loop
      vertex -915.5781957219401 622.2262992823084 0
      vertex -934.671013530731 593.1602620417488 -30
      vertex -934.671013530731 593.1602620417488 0
    endloop
  endfacet
  facet normal -0.8181497174250232 0.575005252043279 0
    outer loop
      vertex -895.5818127730669 650.6782742877677 0
      vertex -915.5781957219401 622.2262992823084 -30
      vertex -915.5781957219401 622.2262992823084 0
    endloop
  endfacet
  facet normal -0.7996846584870889 0.6004202253258861 0
    outer loop
      vertex -895.5818127730669 650.6782742877677 0
      vertex -874.701598699889 678.4881083938452 0
      vertex -895.5818127730669 650.6782742877677 -30
    endloop
  endfacet
  facet normal -0.7804304073383299 0.6252426563357049 0
    outer loop
      vertex -874.701598699889 678.4881083938452 0
      vertex -852.9581597527985 705.6283566517998 0
      vertex -874.701598699889 678.4881083938452 -30
    endloop
  endfacet
  facet normal -0.7604059656000299 0.6494480483301849 0
    outer loop
      vertex -852.9581597527985 705.6283566517998 0
      vertex -830.372954080919 732.0722349132822 0
      vertex -852.9581597527985 705.6283566517998 -30
    endloop
  endfacet
  facet normal -0.7396310949786102 0.6730125135097725 0
    outer loop
      vertex -806.9682705555027 757.7936462630581 0
      vertex -830.372954080919 732.0722349132822 -30
      vertex -830.372954080919 732.0722349132822 0
    endloop
  endfacet
  facet normal -0.7181262977631916 0.6959127965923113 0
    outer loop
      vertex -806.9682705555027 757.7936462630581 0
      vertex -782.7672067735082 782.7672067735082 0
      vertex -806.9682705555027 757.7936462630581 -30
    endloop
  endfacet
  facet normal -0.6959127965923113 0.7181262977631916 0
    outer loop
      vertex -757.7936462630581 806.9682705555027 0
      vertex -757.7936462630581 806.9682705555027 -30
      vertex -782.7672067735082 782.7672067735082 0
    endloop
  endfacet
  facet normal -0.6730125135097725 0.7396310949786102 0
    outer loop
      vertex -757.7936462630581 806.9682705555027 0
      vertex -732.0722349132822 830.372954080919 0
      vertex -732.0722349132822 830.372954080919 -30
    endloop
  endfacet
  facet normal -0.6494480483301849 0.7604059656000299 0
    outer loop
      vertex -705.6283566517998 852.9581597527985 0
      vertex -705.6283566517998 852.9581597527985 -30
      vertex -732.0722349132822 830.372954080919 0
    endloop
  endfacet
  facet normal -0.6252426563357049 0.7804304073383299 0
    outer loop
      vertex -678.4881083938452 874.701598699889 0
      vertex -678.4881083938452 874.701598699889 -30
      vertex -705.6283566517998 852.9581597527985 0
    endloop
  endfacet
  facet normal -0.6004202253258861 0.7996846584870889 0
    outer loop
      vertex -650.6782742877677 895.5818127730669 0
      vertex -650.6782742877677 895.5818127730669 -30
      vertex -678.4881083938452 874.701598699889 0
    endloop
  endfacet
  facet normal -0.575005252043279 0.8181497174250232 0
    outer loop
      vertex -622.2262992823084 915.5781957219401 0
      vertex -622.2262992823084 915.5781957219401 -30
      vertex -650.6782742877677 895.5818127730669 0
    endloop
  endfacet
  facet normal -0.5490228179981291 0.8358073613682719 0
    outer loop
      vertex -622.2262992823084 915.5781957219401 0
      vertex -593.1602620417488 934.671013530731 0
      vertex -593.1602620417488 934.671013530731 -30
    endloop
  endfacet
  facet normal -0.5224985647159484 0.8526401643540925 0
    outer loop
      vertex -563.5088472356614 952.8414238933653 0
      vertex -563.5088472356614 952.8414238933653 -30
      vertex -593.1602620417488 934.671013530731 0
    endloop
  endfacet
  facet normal 0 0 1
    outer loop
      vertex -533.3013172305988 -970.071494808557 0
      vertex -533.3013172305989 970.0714948085568 0
      vertex -563.5088472356614 952.8414238933653 0
    endloop
  endfacet
  facet normal 0 0 1
    outer loop
      vertex -502.5674832116782 -986.3442222765233 0
      vertex -502.5674832116782 986.3442222765233 0
      vertex -533.3013172305989 970.0714948085568 0
    endloop
  endfacet
  facet normal 0 0 1
    outer loop
      vertex -471.33767576253547 -1001.6435470798835 0
      vertex -471.3376757625352 1001.6435470798837 0
      vertex -502.5674832116782 986.3442222765233 0
    endloop
  endfacet
  facet normal 0 0 1
    outer loop
      vertex -439.6427149327023 -1015.9543706321671 0
      vertex -439.6427149327018 1015.9543706321673 0
      vertex -471.3376757625352 1001.6435470798837 0
    endloop
  endfacet
  facet normal 0 0 1
    outer loop
      vertex -407.5138798219384 -1029.2625698782945 0
      vertex -407.51387982193893 1029.262569878294 0
      vertex -439.6427149327018 1015.9543706321673 0
    endloop
  endfacet
  facet normal 0 0 1
    outer loop
      vertex -374.98287771153747 -1041.5550112323276 0
      vertex -374.9828777115378 1041.5550112323276 0
      vertex -407.51387982193893 1029.262569878294 0
    endloop
  endfacet
  facet normal 0 0 1
    outer loop
      vertex -342.08181277306676 -1052.8195635387349 0
      vertex -342.08181277306676 1052.8195635387349 0
      vertex -374.9828777115378 1041.5550112323276 0
    endloop
  endfacet
  facet normal 0 0 1
    outer loop
      vertex -308.8431543854269 -1063.0451100443759 0
      vertex -308.84315438542654 1063.045110044376 0
      vertex -342.08181277306676 1052.8195635387349 0
    endloop
  endfacet
  facet normal 0 0 1
    outer loop
      vertex -275.29970509149433 -1072.2215593693945 0
      vertex -275.2997050914939 1072.2215593693948 0
      vertex -308.84315438542654 1063.045110044376 0
    endloop
  endfacet
  facet normal 0 0 1
    outer loop
      vertex -241.48456822597302 1080.3398554661933 0
      vertex -213 -497.5 0
      vertex -213 -102.5 0
    endloop
  endfacet
  facet normal 0 0 1
    outer loop
      vertex -241.4845682259725 -1080.3398554661935 0
      vertex -241.48456822597302 1080.3398554661933 0
      vertex -275.2997050914939 1072.2215593693948 0
    endloop
  endfacet
  facet normal -0.49545866843240666 0.8686315144381915 0
    outer loop
      vertex -533.3013172305989 970.0714948085568 0
      vertex -533.3013172305989 970.0714948085568 -30
      vertex -563.5088472356614 952.8414238933653 0
    endloop
  endfacet
  facet normal -0.467929814260576 0.8837656300886921 0
    outer loop
      vertex -502.5674832116782 986.3442222765233 0
      vertex -502.5674832116782 986.3442222765233 -30
      vertex -533.3013172305989 970.0714948085568 0
    endloop
  endfacet
  facet normal -0.43993916985591297 0.8980275757606168 0
    outer loop
      vertex -471.3376757625352 1001.6435470798837 0
      vertex -471.3376757625352 1001.6435470798837 -30
      vertex -502.5674832116782 986.3442222765233 0
    endloop
  endfacet
  facet normal -0.41151435860511054 0.9114032766354444 0
    outer loop
      vertex -439.6427149327018 1015.9543706321673 0
      vertex -439.6427149327018 1015.9543706321673 -30
      vertex -471.3376757625352 1001.6435470798837 0
    endloop
  endfacet
  facet normal -0.3826834323650864 0.9238795325112881 0
    outer loop
      vertex -407.51387982193893 1029.262569878294 0
      vertex -407.51387982193893 1029.262569878294 -30
      vertex -439.6427149327018 1015.9543706321673 0
    endloop
  endfacet
  facet normal -0.35347484377926314 0.935444030829865 0
    outer loop
      vertex -407.51387982193893 1029.262569878294 0
      vertex -374.9828777115378 1041.5550112323276 0
      vertex -374.9828777115378 1041.5550112323276 -30
    endloop
  endfacet
  facet normal -0.3239174181981433 0.9460853588275475 0
    outer loop
      vertex -342.08181277306676 1052.8195635387349 0
      vertex -342.08181277306676 1052.8195635387349 -30
      vertex -374.9828777115378 1041.5550112323276 0
    endloop
  endfacet
  facet normal -0.29404032523230833 0.9557930147983287 0
    outer loop
      vertex -308.84315438542654 1063.045110044376 0
      vertex -308.84315438542654 1063.045110044376 -30
      vertex -342.08181277306676 1052.8195635387349 0
    endloop
  endfacet
  facet normal -0.26387304996537186 0.9645574184577984 0
    outer loop
      vertex -275.2997050914939 1072.2215593693948 0
      vertex -275.2997050914939 1072.2215593693948 -30
      vertex -308.84315438542654 1063.045110044376 0
    endloop
  endfacet
  facet normal -0.2334453638559054 0.9723699203976766 0
    outer loop
      vertex -241.48456822597302 1080.3398554661933 0
      vertex -241.48456822597302 1080.3398554661933 -30
      vertex -275.2997050914939 1072.2215593693948 0
    endloop
  endfacet
  facet normal -0.2027872953565136 0.9792228106217655 0
    outer loop
      vertex -207.43111524639738 1087.3919865566584 0
      vertex -207.43111524639738 1087.3919865566584 -30
      vertex -241.48456822597302 1080.3398554661933 0
    endloop
  endfacet
  facet normal -0.1719291002794085 0.985109326154774 0
    outer loop
      vertex -173.17295279953558 1093.3709930388175 0
      vertex -173.17295279953558 1093.3709930388175 -30
      vertex -207.43111524639738 1087.3919865566584 0
    endloop
  endfacet
  facet normal -0.14090123193758336 0.9900236577165575 0
    outer loop
      vertex -138.7438895556846 1098.270974355127 0
      vertex -138.7438895556846 1098.270974355127 -30
      vertex -173.17295279953558 1093.3709930388175 0
    endloop
  endfacet
  facet normal -0.10973431109104348 0.9939609554551798 0
    outer loop
      vertex -104.17790284359491 1102.0870948156096 0
      vertex -104.17790284359491 1102.0870948156096 -30
      vertex -138.7438895556846 1098.270974355127 0
    endloop
  endfacet
  facet normal -0.07845909572784365 0.996917333733128 0
    outer loop
      vertex -69.50910511895033 1104.8155883700965 0
      vertex -69.50910511895033 1104.8155883700965 -30
      vertex -104.17790284359491 1102.0870948156096 0
    endloop
  endfacet
  facet normal -0.04710645070964376 0.9988898749619699 0
    outer loop
      vertex -34.771710299488234 1106.4537623248648 0
      vertex -34.771710299488234 1106.4537623248648 -30
      vertex -69.50910511895033 1104.8155883700965 0
    endloop
  endfacet
  facet normal -0.01570731731182202 0.9998766324816605 0
    outer loop
      vertex 0 1107 0
      vertex 0 1107 -30
      vertex -34.771710299488234 1106.4537623248648 0
    endloop
  endfacet
  facet normal 0 0 -1
    outer loop
      vertex -207.4311152463971 -1087.3919865566584 -30
      vertex -241.4845682259725 -1080.3398554661935 -30
      vertex 988.8267566859107 -497.5 -30
    endloop
  endfacet
  facet normal 0 0 -1
    outer loop
      vertex -173.17295279953558 -1093.3709930388175 -30
      vertex -207.4311152463971 -1087.3919865566584 -30
      vertex 988.8267566859107 -497.5 -30
    endloop
  endfacet
  facet normal 0 0 -1
    outer loop
      vertex -69.50910511894979 -1104.8155883700965 -30
      vertex -104.17790284359546 -1102.0870948156096 -30
      vertex 988.8267566859107 -497.5 -30
    endloop
  endfacet
  facet normal 0 0 -1
    outer loop
      vertex -138.74388955568483 -1098.270974355127 -30
      vertex -173.17295279953558 -1093.3709930388175 -30
      vertex 988.8267566859107 -497.5 -30
    endloop
  endfacet
  facet normal 0 0 -1
    outer loop
      vertex -104.17790284359546 -1102.0870948156096 -30
      vertex -138.74388955568483 -1098.270974355127 -30
      vertex 988.8267566859107 -497.5 -30
    endloop
  endfacet
  facet normal 0 0 -1
    outer loop
      vertex -241.4845682259725 -1080.3398554661935 -30
      vertex -213 -497.5 -30
      vertex 988.8267566859107 -497.5 -30
    endloop
  endfacet
  facet normal 0 0 -1
    outer loop
      vertex -34.77171029948797 -1106.4537623248648 -30
      vertex -69.50910511894979 -1104.8155883700965 -30
      vertex 988.8267566859107 -497.5 -30
    endloop
  endfacet
  facet normal 0 0 -1
    outer loop
      vertex 0 -1107 -30
      vertex -34.77171029948797 -1106.4537623248648 -30
      vertex 988.8267566859107 -497.5 -30
    endloop
  endfacet
  facet normal 0 0 -1
    outer loop
      vertex 34.77171029948797 -1106.4537623248648 -30
      vertex 0 -1107 -30
      vertex 988.8267566859107 -497.5 -30
    endloop
  endfacet
  facet normal 0 0 -1
    outer loop
      vertex 69.50910511894979 -1104.8155883700965 -30
      vertex 34.77171029948797 -1106.4537623248648 -30
      vertex 988.8267566859107 -497.5 -30
    endloop
  endfacet
  facet normal 0 0 -1
    outer loop
      vertex 104.17790284359546 -1102.0870948156096 -30
      vertex 69.50910511894979 -1104.8155883700965 -30
      vertex 988.8267566859107 -497.5 -30
    endloop
  endfacet
  facet normal 0 0 -1
    outer loop
      vertex 138.74388955568483 -1098.270974355127 -30
      vertex 104.17790284359546 -1102.0870948156096 -30
      vertex 988.8267566859107 -497.5 -30
    endloop
  endfacet
  facet normal 0 0 -1
    outer loop
      vertex 173.17295279953558 -1093.3709930388175 -30
      vertex 138.74388955568483 -1098.270974355127 -30
      vertex 988.8267566859107 -497.5 -30
    endloop
  endfacet
  facet normal 0 0 -1
    outer loop
      vertex 207.4311152463971 -1087.3919865566584 -30
      vertex 173.17295279953558 -1093.3709930388175 -30
      vertex 988.8267566859107 -497.5 -30
    endloop
  endfacet
  facet normal 0 0 -1
    outer loop
      vertex 241.4845682259725 -1080.3398554661935 -30
      vertex 207.4311152463971 -1087.3919865566584 -30
      vertex 988.8267566859107 -497.5 -30
    endloop
  endfacet
  facet normal 0 0 -1
    outer loop
      vertex 275.29970509149433 -1072.2215593693945 -30
      vertex 241.4845682259725 -1080.3398554661935 -30
      vertex 988.8267566859107 -497.5 -30
    endloop
  endfacet
  facet normal 0 0 -1
    outer loop
      vertex 308.8431543854269 -1063.0451100443759 -30
      vertex 275.29970509149433 -1072.2215593693945 -30
      vertex 988.8267566859107 -497.5 -30
    endloop
  endfacet
  facet normal 0 0 -1
    outer loop
      vertex 342.08181277306676 -1052.8195635387349 -30
      vertex 308.8431543854269 -1063.0451100443759 -30
      vertex 988.8267566859107 -497.5 -30
    endloop
  endfacet
  facet normal 0.015707317311822143 -0.9998766324816605 0
    outer loop
      vertex 34.77171029948797 -1106.4537623248648 0
      vertex 0 -1107 -30
      vertex 34.77171029948797 -1106.4537623248648 -30
    endloop
  endfacet
  facet normal 0.04710645070964413 -0.9988898749619699 0
    outer loop
      vertex 69.50910511894979 -1104.8155883700965 0
      vertex 34.77171029948797 -1106.4537623248648 -30
      vertex 69.50910511894979 -1104.8155883700965 -30
    endloop
  endfacet
  facet normal 0.07845909572784118 -0.9969173337331283 0
    outer loop
      vertex 104.17790284359546 -1102.0870948156096 0
      vertex 69.50910511894979 -1104.8155883700965 -30
      vertex 104.17790284359546 -1102.0870948156096 -30
    endloop
  endfacet
  facet normal 0.10973431109104453 -0.9939609554551799 0
    outer loop
      vertex 138.74388955568483 -1098.270974355127 0
      vertex 104.17790284359546 -1102.0870948156096 -30
      vertex 138.74388955568483 -1098.270974355127 -30
    endloop
  endfacet
  facet normal 0.1409012319375843 -0.9900236577165574 0
    outer loop
      vertex 173.17295279953558 -1093.3709930388175 0
      vertex 138.74388955568483 -1098.270974355127 -30
      vertex 173.17295279953558 -1093.3709930388175 -30
    endloop
  endfacet
  facet normal 0.1719291002794099 -0.9851093261547739 0
    outer loop
      vertex 207.4311152463971 -1087.3919865566584 0
      vertex 173.17295279953558 -1093.3709930388175 -30
      vertex 207.4311152463971 -1087.3919865566584 -30
    endloop
  endfacet
  facet normal 0.20278729535650866 -0.9792228106217666 0
    outer loop
      vertex 241.4845682259725 -1080.3398554661935 0
      vertex 207.4311152463971 -1087.3919865566584 -30
      vertex 241.4845682259725 -1080.3398554661935 -30
    endloop
  endfacet
  facet normal 0.23344536385591144 -0.9723699203976751 0
    outer loop
      vertex 275.29970509149433 -1072.2215593693945 0
      vertex 241.4845682259725 -1080.3398554661935 -30
      vertex 275.29970509149433 -1072.2215593693945 -30
    endloop
  endfacet
  facet normal 0.26387304996537264 -0.9645574184577981 0
    outer loop
      vertex 308.8431543854269 -1063.0451100443759 0
      vertex 275.29970509149433 -1072.2215593693945 -30
      vertex 308.8431543854269 -1063.0451100443759 -30
    endloop
  endfacet
  facet normal 0.29404032523230517 -0.9557930147983298 0
    outer loop
      vertex 342.08181277306676 -1052.8195635387349 0
      vertex 308.8431543854269 -1063.0451100443759 -30
      vertex 342.08181277306676 -1052.8195635387349 -30
    endloop
  endfacet
  facet normal 0.3239174181981463 -0.9460853588275464 0
    outer loop
      vertex 374.98287771153747 -1041.5550112323276 0
      vertex 342.08181277306676 -1052.8195635387349 -30
      vertex 374.98287771153747 -1041.5550112323276 -30
    endloop
  endfacet
  facet normal 0.35347484377925326 -0.9354440308298687 0
    outer loop
      vertex 407.5138798219384 -1029.2625698782945 0
      vertex 374.98287771153747 -1041.5550112323276 -30
      vertex 407.5138798219384 -1029.2625698782945 -30
    endloop
  endfacet
  facet normal 0.3826834323650928 -0.9238795325112854 0
    outer loop
      vertex 439.6427149327023 -1015.9543706321671 0
      vertex 407.5138798219384 -1029.2625698782945 -30
      vertex 439.6427149327023 -1015.9543706321671 -30
    endloop
  endfacet
  facet normal 0.4115143586051103 -0.9114032766354446 0
    outer loop
      vertex 471.33767576253547 -1001.6435470798835 0
      vertex 439.6427149327023 -1015.9543706321671 -30
      vertex 471.33767576253547 -1001.6435470798835 -30
    endloop
  endfacet
  facet normal 0.4399391698559135 -0.8980275757606164 0
    outer loop
      vertex 502.5674832116782 -986.3442222765233 0
      vertex 471.33767576253547 -1001.6435470798835 -30
      vertex 502.5674832116782 -986.3442222765233 -30
    endloop
  endfacet
  facet normal 0.4679298142605748 -0.8837656300886927 0
    outer loop
      vertex 533.3013172305988 -970.071494808557 0
      vertex 502.5674832116782 -986.3442222765233 -30
      vertex 533.3013172305988 -970.071494808557 -30
    endloop
  endfacet
  facet normal 0.49545866843240605 -0.8686315144381922 0
    outer loop
      vertex 563.5088472356609 -952.8414238933657 0
      vertex 533.3013172305988 -970.071494808557 -30
      vertex 563.5088472356609 -952.8414238933657 -30
    endloop
  endfacet
  facet normal 0 1 0
    outer loop
      vertex 988.8267566859107 -497.5 -30
      vertex -213 -497.5 -30
      vertex -213 -497.5 0
    endloop
  endfacet
  facet normal 0 0 -1
    outer loop
      vertex 374.98287771153747 -1041.5550112323276 -30
      vertex 342.08181277306676 -1052.8195635387349 -30
      vertex 988.8267566859107 -497.5 -30
    endloop
  endfacet
  facet normal 0 0 -1
    outer loop
      vertex 374.98287771153747 -1041.5550112323276 -30
      vertex 988.8267566859107 -497.5 -30
      vertex 407.5138798219384 -1029.2625698782945 -30
    endloop
  endfacet
  facet normal 0 0 -1
    outer loop
      vertex 439.6427149327023 -1015.9543706321671 -30
      vertex 407.5138798219384 -1029.2625698782945 -30
      vertex 988.8267566859107 -497.5 -30
    endloop
  endfacet
  facet normal 0 0 -1
    outer loop
      vertex 471.33767576253547 -1001.6435470798835 -30
      vertex 439.6427149327023 -1015.9543706321671 -30
      vertex 988.8267566859107 -497.5 -30
    endloop
  endfacet
  facet normal 0 0 -1
    outer loop
      vertex 502.5674832116782 -986.3442222765233 -30
      vertex 471.33767576253547 -1001.6435470798835 -30
      vertex 988.8267566859107 -497.5 -30
    endloop
  endfacet
  facet normal 0 0 -1
    outer loop
      vertex 533.3013172305988 -970.071494808557 -30
      vertex 502.5674832116782 -986.3442222765233 -30
      vertex 988.8267566859107 -497.5 -30
    endloop
  endfacet
  facet normal 0 0 -1
    outer loop
      vertex 563.5088472356609 -952.8414238933657 -30
      vertex 533.3013172305988 -970.071494808557 -30
      vertex 988.8267566859107 -497.5 -30
    endloop
  endfacet
  facet normal 0 0 -1
    outer loop
      vertex 593.1602620417494 -934.6710135307305 -30
      vertex 563.5088472356609 -952.8414238933657 -30
      vertex 988.8267566859107 -497.5 -30
    endloop
  endfacet
  facet normal 0 0 -1
    outer loop
      vertex 593.1602620417494 -934.6710135307305 -30
      vertex 988.8267566859107 -497.5 -30
      vertex 622.2262992823086 -915.5781957219399 -30
    endloop
  endfacet
  facet normal 0 0 -1
    outer loop
      vertex 650.6782742877677 -895.5818127730669 -30
      vertex 622.2262992823086 -915.5781957219399 -30
      vertex 988.8267566859107 -497.5 -30
    endloop
  endfacet
  facet normal 0 0 -1
    outer loop
      vertex 678.4881083938449 -874.7015986998892 -30
      vertex 650.6782742877677 -895.5818127730669 -30
      vertex 988.8267566859107 -497.5 -30
    endloop
  endfacet
  facet normal 0 0 -1
    outer loop
      vertex 705.6283566517994 -852.9581597527988 -30
      vertex 678.4881083938449 -874.7015986998892 -30
      vertex 988.8267566859107 -497.5 -30
    endloop
  endfacet
  facet normal 0 0 -1
    outer loop
      vertex 732.0722349132827 -830.3729540809187 -30
      vertex 705.6283566517994 -852.9581597527988 -30
      vertex 988.8267566859107 -497.5 -30
    endloop
  endfacet
  facet normal 0 0 -1
    outer loop
      vertex 732.0722349132827 -830.3729540809187 -30
      vertex 988.8267566859107 -497.5 -30
      vertex 757.7936462630581 -806.9682705555027 -30
    endloop
  endfacet
  facet normal 0 0 -1
    outer loop
      vertex 782.7672067735082 -782.7672067735082 -30
      vertex 757.7936462630581 -806.9682705555027 -30
      vertex 988.8267566859107 -497.5 -30
    endloop
  endfacet
  facet normal 0 0 -1
    outer loop
      vertex 782.7672067735082 -782.7672067735082 -30
      vertex 988.8267566859107 -497.5 -30
      vertex 806.9682705555027 -757.7936462630581 -30
    endloop
  endfacet
  facet normal 0 0 -1
    outer loop
      vertex 830.3729540809187 -732.0722349132827 -30
      vertex 806.9682705555027 -757.7936462630581 -30
      vertex 988.8267566859107 -497.5 -30
    endloop
  endfacet
  facet normal 0 0 -1
    outer loop
      vertex 830.3729540809187 -732.0722349132827 -30
      vertex 988.8267566859107 -497.5 -30
      vertex 852.9581597527988 -705.6283566517994 -30
    endloop
  endfacet
  facet normal 0 0 -1
    outer loop
      vertex 852.9581597527988 -705.6283566517994 -30
      vertex 988.8267566859107 -497.5 -30
      vertex 874.701598699889 -678.4881083938452 -30
    endloop
  endfacet
  facet normal 0 0 -1
    outer loop
      vertex 874.701598699889 -678.4881083938452 -30
      vertex 988.8267566859107 -497.5 -30
      vertex 895.5818127730669 -650.6782742877677 -30
    endloop
  endfacet
  facet normal 0 0 -1
    outer loop
      vertex 915.5781957219401 -622.2262992823084 -30
      vertex 895.5818127730669 -650.6782742877677 -30
      vertex 988.8267566859107 -497.5 -30
    endloop
  endfacet
  facet normal 0 0 -1
    outer loop
      vertex 934.6710135307305 -593.1602620417494 -30
      vertex 915.5781957219401 -622.2262992823084 -30
      vertex 988.8267566859107 -497.5 -30
    endloop
  endfacet
  facet normal 0.5224985647159504 -0.8526401643540912 0
    outer loop
      vertex 593.1602620417494 -934.6710135307305 0
      vertex 563.5088472356609 -952.8414238933657 -30
      vertex 593.1602620417494 -934.6710135307305 -30
    endloop
  endfacet
  facet normal 0.549022817998132 -0.83580736136827 0
    outer loop
      vertex 622.2262992823086 -915.5781957219399 0
      vertex 593.1602620417494 -934.6710135307305 -30
      vertex 622.2262992823086 -915.5781957219399 -30
    endloop
  endfacet
  facet normal 0.575005252043276 -0.8181497174250252 0
    outer loop
      vertex 650.6782742877677 -895.5818127730669 0
      vertex 622.2262992823086 -915.5781957219399 -30
      vertex 650.6782742877677 -895.5818127730669 -30
    endloop
  endfacet
  facet normal 0.6004202253258866 -0.7996846584870886 0
    outer loop
      vertex 678.4881083938449 -874.7015986998892 0
      vertex 650.6782742877677 -895.5818127730669 -30
      vertex 678.4881083938449 -874.7015986998892 -30
    endloop
  endfacet
  facet normal 0.6252426563357029 -0.7804304073383316 0
    outer loop
      vertex 705.6283566517994 -852.9581597527988 0
      vertex 678.4881083938449 -874.7015986998892 -30
      vertex 705.6283566517994 -852.9581597527988 -30
    endloop
  endfacet
  facet normal 0.6494480483301832 -0.7604059656000313 0
    outer loop
      vertex 732.0722349132827 -830.3729540809187 0
      vertex 705.6283566517994 -852.9581597527988 -30
      vertex 732.0722349132827 -830.3729540809187 -30
    endloop
  endfacet
  facet normal 0.6730125135097753 -0.7396310949786078 0
    outer loop
      vertex 757.7936462630581 -806.9682705555027 0
      vertex 732.0722349132827 -830.3729540809187 -30
      vertex 757.7936462630581 -806.9682705555027 -30
    endloop
  endfacet
  facet normal 0.6959127965923113 -0.7181262977631916 0
    outer loop
      vertex 782.7672067735082 -782.7672067735082 0
      vertex 757.7936462630581 -806.9682705555027 -30
      vertex 782.7672067735082 -782.7672067735082 -30
    endloop
  endfacet
  facet normal 0.7181262977631916 -0.6959127965923113 0
    outer loop
      vertex 782.7672067735082 -782.7672067735082 0
      vertex 782.7672067735082 -782.7672067735082 -30
      vertex 806.9682705555027 -757.7936462630581 -30
    endloop
  endfacet
  facet normal 0.7396310949786078 -0.6730125135097753 0
    outer loop
      vertex 806.9682705555027 -757.7936462630581 0
      vertex 806.9682705555027 -757.7936462630581 -30
      vertex 830.3729540809187 -732.0722349132827 -30
    endloop
  endfacet
  facet normal 0.7604059656000313 -0.6494480483301832 0
    outer loop
      vertex 830.3729540809187 -732.0722349132827 0
      vertex 830.3729540809187 -732.0722349132827 -30
      vertex 852.9581597527988 -705.6283566517994 -30
    endloop
  endfacet
  facet normal 0.780430407338331 -0.6252426563357038 0
    outer loop
      vertex 852.9581597527988 -705.6283566517994 0
      vertex 852.9581597527988 -705.6283566517994 -30
      vertex 874.701598699889 -678.4881083938452 -30
    endloop
  endfacet
  facet normal 0.7996846584870889 -0.6004202253258861 0
    outer loop
      vertex 874.701598699889 -678.4881083938452 0
      vertex 874.701598699889 -678.4881083938452 -30
      vertex 895.5818127730669 -650.6782742877677 -30
    endloop
  endfacet
  facet normal 0.8181497174250232 -0.575005252043279 0
    outer loop
      vertex 895.5818127730669 -650.6782742877677 0
      vertex 895.5818127730669 -650.6782742877677 -30
      vertex 915.5781957219401 -622.2262992823084 -30
    endloop
  endfacet
  facet normal 0.835807361368272 -0.549022817998129 0
    outer loop
      vertex 915.5781957219401 -622.2262992823084 0
      vertex 915.5781957219401 -622.2262992823084 -30
      vertex 934.6710135307305 -593.1602620417494 -30
    endloop
  endfacet
  facet normal 0.8526401643540912 -0.5224985647159504 0
    outer loop
      vertex 934.6710135307305 -593.1602620417494 0
      vertex 934.6710135307305 -593.1602620417494 -30
      vertex 952.8414238933657 -563.5088472356609 -30
    endloop
  endfacet
  facet normal 0 0 -1
    outer loop
      vertex 1104.8155883700965 -69.50910511894979 -30
      vertex 1102.2191486332865 -102.5 -30
      vertex -213 -102.5 -30
    endloop
  endfacet
  facet normal 0 0 -1
    outer loop
      vertex 1104.8155883700965 -69.50910511894979 -30
      vertex -213 -102.5 -30
      vertex 1104.8155883700965 69.50910511894979 -30
    endloop
  endfacet
  facet normal 0 0 -1
    outer loop
      vertex 934.6710135307305 -593.1602620417494 -30
      vertex 988.8267566859107 -497.5 -30
      vertex 952.8414238933657 -563.5088472356609 -30
    endloop
  endfacet
  facet normal 0 0 -1
    outer loop
      vertex 952.8414238933657 -563.5088472356609 -30
      vertex 988.8267566859107 -497.5 -30
      vertex 970.0714948085568 -533.3013172305989 -30
    endloop
  endfacet
  facet normal 0 0 -1
    outer loop
      vertex 970.0714948085568 -533.3013172305989 -30
      vertex 988.8267566859107 -497.5 -30
      vertex 986.3442222765233 -502.5674832116782 -30
    endloop
  endfacet
  facet normal 0 0 -1
    outer loop
      vertex 1104.8155883700965 -69.50910511894979 -30
      vertex 1106.4537623248648 34.771710299488234 -30
      vertex 1106.4537623248648 -34.771710299488234 -30
    endloop
  endfacet
  facet normal 0 -1 0
    outer loop
      vertex 1102.2191486332865 -102.5 -30
      vertex 1102.2191486332865 -102.5 0
      vertex -213 -102.5 -30
    endloop
  endfacet
  facet normal 0.8686315144381926 -0.49545866843240494 0
    outer loop
      vertex 952.8414238933657 -563.5088472356609 0
      vertex 952.8414238933657 -563.5088472356609 -30
      vertex 970.0714948085568 -533.3013172305989 -30
    endloop
  endfacet
  facet normal 0.8837656300886921 -0.467929814260576 0
    outer loop
      vertex 970.0714948085568 -533.3013172305989 0
      vertex 970.0714948085568 -533.3013172305989 -30
      vertex 986.3442222765233 -502.5674832116782 -30
    endloop
  endfacet
  facet normal 0.8980275757606159 -0.4399391698559149 0
    outer loop
      vertex 986.3442222765233 -502.5674832116782 -30
      vertex 988.8267566859107 -497.5 -30
      vertex 988.8267566859107 -497.5 0
    endloop
  endfacet
  facet normal 0.9969173337331285 -0.07845909572783831 0
    outer loop
      vertex 1104.8155883700965 -69.50910511894979 -30
      vertex 1102.2191486332865 -102.5 0
      vertex 1102.2191486332865 -102.5 -30
    endloop
  endfacet
  facet normal 0.9988898749619699 -0.04710645070964449 0
    outer loop
      vertex 1104.8155883700965 -69.50910511894979 0
      vertex 1104.8155883700965 -69.50910511894979 -30
      vertex 1106.4537623248648 -34.771710299488234 -30
    endloop
  endfacet
  facet normal 0.9998766324816605 -0.01570731731182202 0
    outer loop
      vertex 1106.4537623248648 -34.771710299488234 0
      vertex 1106.4537623248648 -34.771710299488234 -30
      vertex 1107 0 -30
    endloop
  endfacet
  facet normal 0.015707317311822143 -0.9998766324816605 0
    outer loop
      vertex 34.77171029948797 -1106.4537623248648 0
      vertex 0 -1107 0
      vertex 0 -1107 -30
    endloop
  endfacet
  facet normal 0.04710645070964413 -0.9988898749619699 0
    outer loop
      vertex 69.50910511894979 -1104.8155883700965 0
      vertex 34.77171029948797 -1106.4537623248648 0
      vertex 34.77171029948797 -1106.4537623248648 -30
    endloop
  endfacet
  facet normal 0.07845909572784118 -0.9969173337331283 0
    outer loop
      vertex 104.17790284359546 -1102.0870948156096 0
      vertex 69.50910511894979 -1104.8155883700965 0
      vertex 69.50910511894979 -1104.8155883700965 -30
    endloop
  endfacet
  facet normal 0.10973431109104453 -0.9939609554551799 0
    outer loop
      vertex 138.74388955568483 -1098.270974355127 0
      vertex 104.17790284359546 -1102.0870948156096 0
      vertex 104.17790284359546 -1102.0870948156096 -30
    endloop
  endfacet
  facet normal 0.1409012319375843 -0.9900236577165574 0
    outer loop
      vertex 173.17295279953558 -1093.3709930388175 0
      vertex 138.74388955568483 -1098.270974355127 0
      vertex 138.74388955568483 -1098.270974355127 -30
    endloop
  endfacet
  facet normal 0.1719291002794099 -0.9851093261547739 0
    outer loop
      vertex 207.4311152463971 -1087.3919865566584 0
      vertex 173.17295279953558 -1093.3709930388175 0
      vertex 173.17295279953558 -1093.3709930388175 -30
    endloop
  endfacet
  facet normal 0.20278729535650866 -0.9792228106217666 0
    outer loop
      vertex 241.4845682259725 -1080.3398554661935 0
      vertex 207.4311152463971 -1087.3919865566584 0
      vertex 207.4311152463971 -1087.3919865566584 -30
    endloop
  endfacet
  facet normal 0.23344536385591144 -0.9723699203976751 0
    outer loop
      vertex 275.29970509149433 -1072.2215593693945 0
      vertex 241.4845682259725 -1080.3398554661935 0
      vertex 241.4845682259725 -1080.3398554661935 -30
    endloop
  endfacet
  facet normal 0.26387304996537264 -0.9645574184577981 0
    outer loop
      vertex 308.8431543854269 -1063.0451100443759 0
      vertex 275.29970509149433 -1072.2215593693945 0
      vertex 275.29970509149433 -1072.2215593693945 -30
    endloop
  endfacet
  facet normal 0.29404032523230517 -0.9557930147983298 0
    outer loop
      vertex 342.08181277306676 -1052.8195635387349 0
      vertex 308.8431543854269 -1063.0451100443759 0
      vertex 308.8431543854269 -1063.0451100443759 -30
    endloop
  endfacet
  facet normal 0.3239174181981463 -0.9460853588275464 0
    outer loop
      vertex 374.98287771153747 -1041.5550112323276 0
      vertex 342.08181277306676 -1052.8195635387349 0
      vertex 342.08181277306676 -1052.8195635387349 -30
    endloop
  endfacet
  facet normal 0.35347484377925326 -0.9354440308298687 0
    outer loop
      vertex 374.98287771153747 -1041.5550112323276 0
      vertex 374.98287771153747 -1041.5550112323276 -30
      vertex 407.5138798219384 -1029.2625698782945 0
    endloop
  endfacet
  facet normal 0.3826834323650928 -0.9238795325112854 0
    outer loop
      vertex 439.6427149327023 -1015.9543706321671 0
      vertex 407.5138798219384 -1029.2625698782945 0
      vertex 407.5138798219384 -1029.2625698782945 -30
    endloop
  endfacet
  facet normal 0.4115143586051103 -0.9114032766354446 0
    outer loop
      vertex 471.33767576253547 -1001.6435470798835 0
      vertex 439.6427149327023 -1015.9543706321671 0
      vertex 439.6427149327023 -1015.9543706321671 -30
    endloop
  endfacet
  facet normal 0.4399391698559135 -0.8980275757606164 0
    outer loop
      vertex 502.5674832116782 -986.3442222765233 0
      vertex 471.33767576253547 -1001.6435470798835 0
      vertex 471.33767576253547 -1001.6435470798835 -30
    endloop
  endfacet
  facet normal 0.4679298142605748 -0.8837656300886927 0
    outer loop
      vertex 533.3013172305988 -970.071494808557 0
      vertex 502.5674832116782 -986.3442222765233 0
      vertex 502.5674832116782 -986.3442222765233 -30
    endloop
  endfacet
  facet normal 0.49545866843240605 -0.8686315144381922 0
    outer loop
      vertex 563.5088472356609 -952.8414238933657 0
      vertex 533.3013172305988 -970.071494808557 0
      vertex 533.3013172305988 -970.071494808557 -30
    endloop
  endfacet
  facet normal 0 0 1
    outer loop
      vertex 138.74388955568483 -1098.270974355127 0
      vertex -213 -497.5 0
      vertex 104.17790284359546 -1102.0870948156096 0
    endloop
  endfacet
  facet normal 0 0 1
    outer loop
      vertex 173.17295279953558 -1093.3709930388175 0
      vertex -213 -497.5 0
      vertex 138.74388955568483 -1098.270974355127 0
    endloop
  endfacet
  facet normal 0 0 1
    outer loop
      vertex 207.4311152463971 -1087.3919865566584 0
      vertex -213 -497.5 0
      vertex 173.17295279953558 -1093.3709930388175 0
    endloop
  endfacet
  facet normal 0 0 1
    outer loop
      vertex 241.4845682259725 -1080.3398554661935 0
      vertex -213 -497.5 0
      vertex 207.4311152463971 -1087.3919865566584 0
    endloop
  endfacet
  facet normal 0 0 1
    outer loop
      vertex 275.29970509149433 -1072.2215593693945 0
      vertex -213 -497.5 0
      vertex 241.4845682259725 -1080.3398554661935 0
    endloop
  endfacet
  facet normal 0 0 1
    outer loop
      vertex 308.8431543854269 -1063.0451100443759 0
      vertex -213 -497.5 0
      vertex 275.29970509149433 -1072.2215593693945 0
    endloop
  endfacet
  facet normal 0 0 1
    outer loop
      vertex 342.08181277306676 -1052.8195635387349 0
      vertex -213 -497.5 0
      vertex 308.8431543854269 -1063.0451100443759 0
    endloop
  endfacet
  facet normal 0 0 1
    outer loop
      vertex 374.98287771153747 -1041.5550112323276 0
      vertex -213 -497.5 0
      vertex 342.08181277306676 -1052.8195635387349 0
    endloop
  endfacet
  facet normal 0 0 1
    outer loop
      vertex 374.98287771153747 -1041.5550112323276 0
      vertex 407.5138798219384 -1029.2625698782945 0
      vertex -213 -497.5 0
    endloop
  endfacet
  facet normal 0 0 1
    outer loop
      vertex 439.6427149327023 -1015.9543706321671 0
      vertex -213 -497.5 0
      vertex 407.5138798219384 -1029.2625698782945 0
    endloop
  endfacet
  facet normal 0 0 1
    outer loop
      vertex 471.33767576253547 -1001.6435470798835 0
      vertex -213 -497.5 0
      vertex 439.6427149327023 -1015.9543706321671 0
    endloop
  endfacet
  facet normal 0 0 1
    outer loop
      vertex 502.5674832116782 -986.3442222765233 0
      vertex -213 -497.5 0
      vertex 471.33767576253547 -1001.6435470798835 0
    endloop
  endfacet
  facet normal 0 0 1
    outer loop
      vertex 533.3013172305988 -970.071494808557 0
      vertex -213 -497.5 0
      vertex 502.5674832116782 -986.3442222765233 0
    endloop
  endfacet
  facet normal 0 0 1
    outer loop
      vertex 563.5088472356609 -952.8414238933657 0
      vertex -213 -497.5 0
      vertex 533.3013172305988 -970.071494808557 0
    endloop
  endfacet
  facet normal 0 0 1
    outer loop
      vertex 593.1602620417494 -934.6710135307305 0
      vertex -213 -497.5 0
      vertex 563.5088472356609 -952.8414238933657 0
    endloop
  endfacet
  facet normal 0 0 1
    outer loop
      vertex 593.1602620417494 -934.6710135307305 0
      vertex 622.2262992823086 -915.5781957219399 0
      vertex -213 -497.5 0
    endloop
  endfacet
  facet normal 0 0 1
    outer loop
      vertex 650.6782742877677 -895.5818127730669 0
      vertex -213 -497.5 0
      vertex 622.2262992823086 -915.5781957219399 0
    endloop
  endfacet
  facet normal 0 0 1
    outer loop
      vertex 678.4881083938449 -874.7015986998892 0
      vertex -213 -497.5 0
      vertex 650.6782742877677 -895.5818127730669 0
    endloop
  endfacet
  facet normal 0 0 1
    outer loop
      vertex 705.6283566517994 -852.9581597527988 0
      vertex -213 -497.5 0
      vertex 678.4881083938449 -874.7015986998892 0
    endloop
  endfacet
  facet normal 0 0 1
    outer loop
      vertex 732.0722349132827 -830.3729540809187 0
      vertex -213 -497.5 0
      vertex 705.6283566517994 -852.9581597527988 0
    endloop
  endfacet
  facet normal 0 0 1
    outer loop
      vertex 732.0722349132827 -830.3729540809187 0
      vertex 757.7936462630581 -806.9682705555027 0
      vertex -213 -497.5 0
    endloop
  endfacet
  facet normal 0 0 1
    outer loop
      vertex 782.7672067735082 -782.7672067735082 0
      vertex -213 -497.5 0
      vertex 757.7936462630581 -806.9682705555027 0
    endloop
  endfacet
  facet normal 0 0 1
    outer loop
      vertex 782.7672067735082 -782.7672067735082 0
      vertex 806.9682705555027 -757.7936462630581 0
      vertex -213 -497.5 0
    endloop
  endfacet
  facet normal 0 0 1
    outer loop
      vertex 830.3729540809187 -732.0722349132827 0
      vertex -213 -497.5 0
      vertex 806.9682705555027 -757.7936462630581 0
    endloop
  endfacet
  facet normal 0 0 1
    outer loop
      vertex 830.3729540809187 -732.0722349132827 0
      vertex 852.9581597527988 -705.6283566517994 0
      vertex -213 -497.5 0
    endloop
  endfacet
  facet normal 0 0 1
    outer loop
      vertex 852.9581597527988 -705.6283566517994 0
      vertex 874.701598699889 -678.4881083938452 0
      vertex -213 -497.5 0
    endloop
  endfacet
  facet normal 0 0 1
    outer loop
      vertex 874.701598699889 -678.4881083938452 0
      vertex 895.5818127730669 -650.6782742877677 0
      vertex -213 -497.5 0
    endloop
  endfacet
  facet normal 0 0 1
    outer loop
      vertex 915.5781957219401 -622.2262992823084 0
      vertex -213 -497.5 0
      vertex 895.5818127730669 -650.6782742877677 0
    endloop
  endfacet
  facet normal 0 0 1
    outer loop
      vertex 934.6710135307305 -593.1602620417494 0
      vertex -213 -497.5 0
      vertex 915.5781957219401 -622.2262992823084 0
    endloop
  endfacet
  facet normal 0 -1 0
    outer loop
      vertex 1102.2191486332865 -102.5 0
      vertex -213 -102.5 0
      vertex -213 -102.5 -30
    endloop
  endfacet
  facet normal 0.5224985647159504 -0.8526401643540912 0
    outer loop
      vertex 593.1602620417494 -934.6710135307305 0
      vertex 563.5088472356609 -952.8414238933657 0
      vertex 563.5088472356609 -952.8414238933657 -30
    endloop
  endfacet
  facet normal 0.549022817998132 -0.83580736136827 0
    outer loop
      vertex 593.1602620417494 -934.6710135307305 0
      vertex 593.1602620417494 -934.6710135307305 -30
      vertex 622.2262992823086 -915.5781957219399 0
    endloop
  endfacet
  facet normal 0.575005252043276 -0.8181497174250252 0
    outer loop
      vertex 650.6782742877677 -895.5818127730669 0
      vertex 622.2262992823086 -915.5781957219399 0
      vertex 622.2262992823086 -915.5781957219399 -30
    endloop
  endfacet
  facet normal 0.6004202253258866 -0.7996846584870886 0
    outer loop
      vertex 678.4881083938449 -874.7015986998892 0
      vertex 650.6782742877677 -895.5818127730669 0
      vertex 650.6782742877677 -895.5818127730669 -30
    endloop
  endfacet
  facet normal 0.6252426563357029 -0.7804304073383316 0
    outer loop
      vertex 705.6283566517994 -852.9581597527988 0
      vertex 678.4881083938449 -874.7015986998892 0
      vertex 678.4881083938449 -874.7015986998892 -30
    endloop
  endfacet
  facet normal 0.6494480483301832 -0.7604059656000313 0
    outer loop
      vertex 732.0722349132827 -830.3729540809187 0
      vertex 705.6283566517994 -852.9581597527988 0
      vertex 705.6283566517994 -852.9581597527988 -30
    endloop
  endfacet
  facet normal 0.6730125135097753 -0.7396310949786078 0
    outer loop
      vertex 732.0722349132827 -830.3729540809187 0
      vertex 732.0722349132827 -830.3729540809187 -30
      vertex 757.7936462630581 -806.9682705555027 0
    endloop
  endfacet
  facet normal 0.6959127965923113 -0.7181262977631916 0
    outer loop
      vertex 782.7672067735082 -782.7672067735082 0
      vertex 757.7936462630581 -806.9682705555027 0
      vertex 757.7936462630581 -806.9682705555027 -30
    endloop
  endfacet
  facet normal 0.7181262977631916 -0.6959127965923113 0
    outer loop
      vertex 782.7672067735082 -782.7672067735082 0
      vertex 806.9682705555027 -757.7936462630581 -30
      vertex 806.9682705555027 -757.7936462630581 0
    endloop
  endfacet
  facet normal 0.7396310949786078 -0.6730125135097753 0
    outer loop
      vertex 830.3729540809187 -732.0722349132827 0
      vertex 806.9682705555027 -757.7936462630581 0
      vertex 830.3729540809187 -732.0722349132827 -30
    endloop
  endfacet
  facet normal 0.7604059656000313 -0.6494480483301832 0
    outer loop
      vertex 830.3729540809187 -732.0722349132827 0
      vertex 852.9581597527988 -705.6283566517994 -30
      vertex 852.9581597527988 -705.6283566517994 0
    endloop
  endfacet
  facet normal 0.780430407338331 -0.6252426563357038 0
    outer loop
      vertex 852.9581597527988 -705.6283566517994 0
      vertex 874.701598699889 -678.4881083938452 -30
      vertex 874.701598699889 -678.4881083938452 0
    endloop
  endfacet
  facet normal 0.7996846584870889 -0.6004202253258861 0
    outer loop
      vertex 874.701598699889 -678.4881083938452 0
      vertex 895.5818127730669 -650.6782742877677 -30
      vertex 895.5818127730669 -650.6782742877677 0
    endloop
  endfacet
  facet normal 0.8181497174250232 -0.575005252043279 0
    outer loop
      vertex 915.5781957219401 -622.2262992823084 0
      vertex 895.5818127730669 -650.6782742877677 0
      vertex 915.5781957219401 -622.2262992823084 -30
    endloop
  endfacet
  facet normal 0.835807361368272 -0.549022817998129 0
    outer loop
      vertex 934.6710135307305 -593.1602620417494 0
      vertex 915.5781957219401 -622.2262992823084 0
      vertex 934.6710135307305 -593.1602620417494 -30
    endloop
  endfacet
  facet normal 0.8526401643540912 -0.5224985647159504 0
    outer loop
      vertex 934.6710135307305 -593.1602620417494 0
      vertex 952.8414238933657 -563.5088472356609 -30
      vertex 952.8414238933657 -563.5088472356609 0
    endloop
  endfacet
  facet normal 0 1 0
    outer loop
      vertex -213 -497.5 0
      vertex 988.8267566859107 -497.5 0
      vertex 988.8267566859107 -497.5 -30
    endloop
  endfacet
  facet normal 0.8686315144381926 -0.49545866843240494 0
    outer loop
      vertex 952.8414238933657 -563.5088472356609 0
      vertex 970.0714948085568 -533.3013172305989 -30
      vertex 970.0714948085568 -533.3013172305989 0
    endloop
  endfacet
  facet normal 0.8837656300886921 -0.467929814260576 0
    outer loop
      vertex 970.0714948085568 -533.3013172305989 0
      vertex 986.3442222765233 -502.5674832116782 -30
      vertex 986.3442222765233 -502.5674832116782 0
    endloop
  endfacet
  facet normal 0.8980275757606159 -0.4399391698559149 0
    outer loop
      vertex 986.3442222765233 -502.5674832116782 0
      vertex 986.3442222765233 -502.5674832116782 -30
      vertex 988.8267566859107 -497.5 0
    endloop
  endfacet
  facet normal 0.9969173337331285 -0.07845909572783831 0
    outer loop
      vertex 1104.8155883700965 -69.50910511894979 0
      vertex 1102.2191486332865 -102.5 0
      vertex 1104.8155883700965 -69.50910511894979 -30
    endloop
  endfacet
  facet normal 0.9988898749619699 -0.04710645070964449 0
    outer loop
      vertex 1104.8155883700965 -69.50910511894979 0
      vertex 1106.4537623248648 -34.771710299488234 -30
      vertex 1106.4537623248648 -34.771710299488234 0
    endloop
  endfacet
  facet normal 0.9998766324816605 -0.01570731731182202 0
    outer loop
      vertex 1106.4537623248648 -34.771710299488234 0
      vertex 1107 0 -30
      vertex 1107 0 0
    endloop
  endfacet
  facet normal 0 0 1
    outer loop
      vertex 934.6710135307305 -593.1602620417494 0
      vertex 952.8414238933657 -563.5088472356609 0
      vertex -213 -497.5 0
    endloop
  endfacet
  facet normal 0 0 1
    outer loop
      vertex 952.8414238933657 -563.5088472356609 0
      vertex 970.0714948085568 -533.3013172305989 0
      vertex -213 -497.5 0
    endloop
  endfacet
  facet normal 0 0 1
    outer loop
      vertex 970.0714948085568 -533.3013172305989 0
      vertex 986.3442222765233 -502.5674832116782 0
      vertex -213 -497.5 0
    endloop
  endfacet
  facet normal 0 0 1
    outer loop
      vertex 986.3442222765233 -502.5674832116782 0
      vertex 988.8267566859107 -497.5 0
      vertex -213 -497.5 0
    endloop
  endfacet
  facet normal 0 0 1
    outer loop
      vertex 1104.8155883700965 -69.50910511894979 0
      vertex 1102.0870948156096 104.17790284359546 0
      vertex 1102.2191486332865 -102.5 0
    endloop
  endfacet
  facet normal 0 0 1
    outer loop
      vertex 1104.8155883700965 -69.50910511894979 0
      vertex 1106.4537623248648 -34.771710299488234 0
      vertex 1104.8155883700965 69.50910511894979 0
    endloop
  endfacet
  facet normal 0 0 -1
    outer loop
      vertex 705.6283566517994 852.9581597527988 -30
      vertex -213 -102.5 -30
      vertex 678.4881083938452 874.701598699889 -30
    endloop
  endfacet
  facet normal 0 0 -1
    outer loop
      vertex 732.0722349132827 830.3729540809187 -30
      vertex -213 -102.5 -30
      vertex 705.6283566517994 852.9581597527988 -30
    endloop
  endfacet
  facet normal 0 0 -1
    outer loop
      vertex 934.6710135307305 593.1602620417494 -30
      vertex -213 -102.5 -30
      vertex 915.5781957219401 622.2262992823084 -30
    endloop
  endfacet
  facet normal 0 0 -1
    outer loop
      vertex 915.5781957219401 622.2262992823084 -30
      vertex -213 -102.5 -30
      vertex 895.5818127730669 650.6782742877677 -30
    endloop
  endfacet
  facet normal 0 0 -1
    outer loop
      vertex 895.5818127730669 650.6782742877677 -30
      vertex -213 -102.5 -30
      vertex 874.701598699889 678.4881083938452 -30
    endloop
  endfacet
  facet normal 0 0 -1
    outer loop
      vertex 806.9682705555027 757.7936462630581 -30
      vertex -213 -102.5 -30
      vertex 782.7672067735082 782.7672067735082 -30
    endloop
  endfacet
  facet normal 0 0 -1
    outer loop
      vertex 830.3729540809187 732.0722349132827 -30
      vertex -213 -102.5 -30
      vertex 806.9682705555027 757.7936462630581 -30
    endloop
  endfacet
  facet normal 0 0 -1
    outer loop
      vertex 757.7936462630581 806.9682705555027 -30
      vertex -213 -102.5 -30
      vertex 732.0722349132827 830.3729540809187 -30
    endloop
  endfacet
  facet normal 0 0 -1
    outer loop
      vertex 782.7672067735082 782.7672067735082 -30
      vertex -213 -102.5 -30
      vertex 757.7936462630581 806.9682705555027 -30
    endloop
  endfacet
  facet normal 0 0 -1
    outer loop
      vertex 852.9581597527988 705.6283566517994 -30
      vertex -213 -102.5 -30
      vertex 830.3729540809187 732.0722349132827 -30
    endloop
  endfacet
  facet normal 0 0 -1
    outer loop
      vertex 874.701598699889 678.4881083938452 -30
      vertex -213 -102.5 -30
      vertex 852.9581597527988 705.6283566517994 -30
    endloop
  endfacet
  facet normal 0 0 -1
    outer loop
      vertex 241.48456822597302 1080.3398554661933 -30
      vertex -213 -102.5 -30
      vertex 207.43111524639738 1087.3919865566584 -30
    endloop
  endfacet
  facet normal 0 0 -1
    outer loop
      vertex 275.29970509149433 1072.2215593693945 -30
      vertex -213 -102.5 -30
      vertex 241.48456822597302 1080.3398554661933 -30
    endloop
  endfacet
  facet normal 0 0 -1
    outer loop
      vertex 308.84315438542654 1063.045110044376 -30
      vertex -213 -102.5 -30
      vertex 275.29970509149433 1072.2215593693945 -30
    endloop
  endfacet
  facet normal 0 0 -1
    outer loop
      vertex 138.7438895556846 1098.270974355127 -30
      vertex -213 -102.5 -30
      vertex 104.17790284359491 1102.0870948156096 -30
    endloop
  endfacet
  facet normal 0 0 -1
    outer loop
      vertex 173.17295279953558 1093.3709930388175 -30
      vertex -213 -102.5 -30
      vertex 138.7438895556846 1098.270974355127 -30
    endloop
  endfacet
  facet normal 0 0 -1
    outer loop
      vertex 207.43111524639738 1087.3919865566584 -30
      vertex -213 -102.5 -30
      vertex 173.17295279953558 1093.3709930388175 -30
    endloop
  endfacet
  facet normal 0 0 -1
    outer loop
      vertex 342.08181277306676 1052.8195635387349 -30
      vertex -213 -102.5 -30
      vertex 308.84315438542654 1063.045110044376 -30
    endloop
  endfacet
  facet normal 0 0 -1
    outer loop
      vertex 374.9828777115378 1041.5550112323276 -30
      vertex -213 -102.5 -30
      vertex 342.08181277306676 1052.8195635387349 -30
    endloop
  endfacet
  facet normal 0 0 -1
    outer loop
      vertex 407.5138798219384 1029.2625698782945 -30
      vertex -213 -102.5 -30
      vertex 374.9828777115378 1041.5550112323276 -30
    endloop
  endfacet
  facet normal 0 0 -1
    outer loop
      vertex 533.3013172305989 970.0714948085568 -30
      vertex -213 -102.5 -30
      vertex 502.5674832116782 986.3442222765233 -30
    endloop
  endfacet
  facet normal 0 0 -1
    outer loop
      vertex 439.6427149327023 1015.9543706321671 -30
      vertex -213 -102.5 -30
      vertex 407.5138798219384 1029.2625698782945 -30
    endloop
  endfacet
  facet normal 0 0 -1
    outer loop
      vertex 471.3376757625352 1001.6435470798837 -30
      vertex -213 -102.5 -30
      vertex 439.6427149327023 1015.9543706321671 -30
    endloop
  endfacet
  facet normal 0 0 -1
    outer loop
      vertex 502.5674832116782 986.3442222765233 -30
      vertex -213 -102.5 -30
      vertex 471.3376757625352 1001.6435470798837 -30
    endloop
  endfacet
  facet normal 0 0 -1
    outer loop
      vertex 563.5088472356609 952.8414238933657 -30
      vertex -213 -102.5 -30
      vertex 533.3013172305989 970.0714948085568 -30
    endloop
  endfacet
  facet normal 0 0 -1
    outer loop
      vertex 622.2262992823084 915.5781957219401 -30
      vertex -213 -102.5 -30
      vertex 593.1602620417494 934.6710135307305 -30
    endloop
  endfacet
  facet normal 0 0 -1
    outer loop
      vertex 593.1602620417494 934.6710135307305 -30
      vertex -213 -102.5 -30
      vertex 563.5088472356609 952.8414238933657 -30
    endloop
  endfacet
  facet normal 0 0 -1
    outer loop
      vertex 650.6782742877677 895.5818127730669 -30
      vertex -213 -102.5 -30
      vertex 622.2262992823084 915.5781957219401 -30
    endloop
  endfacet
  facet normal 0 0 -1
    outer loop
      vertex 678.4881083938452 874.701598699889 -30
      vertex -213 -102.5 -30
      vertex 650.6782742877677 895.5818127730669 -30
    endloop
  endfacet
  facet normal 0.01570731731182202 0.9998766324816605 0
    outer loop
      vertex 34.771710299488234 1106.4537623248648 -30
      vertex 0 1107 -30
      vertex 0 1107 0
    endloop
  endfacet
  facet normal 0.04710645070964376 0.9988898749619699 0
    outer loop
      vertex 34.771710299488234 1106.4537623248648 0
      vertex 69.50910511895033 1104.8155883700965 -30
      vertex 34.771710299488234 1106.4537623248648 -30
    endloop
  endfacet
  facet normal 0.07845909572784365 0.996917333733128 0
    outer loop
      vertex 69.50910511895033 1104.8155883700965 0
      vertex 104.17790284359491 1102.0870948156096 -30
      vertex 69.50910511895033 1104.8155883700965 -30
    endloop
  endfacet
  facet normal 0.10973431109104348 0.9939609554551798 0
    outer loop
      vertex 104.17790284359491 1102.0870948156096 0
      vertex 138.7438895556846 1098.270974355127 -30
      vertex 104.17790284359491 1102.0870948156096 -30
    endloop
  endfacet
  facet normal 0.14090123193758336 0.9900236577165575 0
    outer loop
      vertex 138.7438895556846 1098.270974355127 0
      vertex 173.17295279953558 1093.3709930388175 -30
      vertex 138.7438895556846 1098.270974355127 -30
    endloop
  endfacet
  facet normal 0.1719291002794085 0.985109326154774 0
    outer loop
      vertex 173.17295279953558 1093.3709930388175 0
      vertex 207.43111524639738 1087.3919865566584 -30
      vertex 173.17295279953558 1093.3709930388175 -30
    endloop
  endfacet
  facet normal 0.2027872953565136 0.9792228106217655 0
    outer loop
      vertex 207.43111524639738 1087.3919865566584 0
      vertex 241.48456822597302 1080.3398554661933 -30
      vertex 207.43111524639738 1087.3919865566584 -30
    endloop
  endfacet
  facet normal 0.2334453638559086 0.9723699203976759 0
    outer loop
      vertex 241.48456822597302 1080.3398554661933 0
      vertex 275.29970509149433 1072.2215593693945 -30
      vertex 241.48456822597302 1080.3398554661933 -30
    endloop
  endfacet
  facet normal 0.2638730499653691 0.9645574184577992 0
    outer loop
      vertex 275.29970509149433 1072.2215593693945 0
      vertex 308.84315438542654 1063.045110044376 -30
      vertex 275.29970509149433 1072.2215593693945 -30
    endloop
  endfacet
  facet normal 0.29404032523230833 0.9557930147983287 0
    outer loop
      vertex 308.84315438542654 1063.045110044376 0
      vertex 342.08181277306676 1052.8195635387349 -30
      vertex 308.84315438542654 1063.045110044376 -30
    endloop
  endfacet
  facet normal 0.35347484377925653 0.9354440308298675 0
    outer loop
      vertex 374.9828777115378 1041.5550112323276 0
      vertex 407.5138798219384 1029.2625698782945 -30
      vertex 374.9828777115378 1041.5550112323276 -30
    endloop
  endfacet
  facet normal 0.3239174181981433 0.9460853588275475 0
    outer loop
      vertex 342.08181277306676 1052.8195635387349 0
      vertex 374.9828777115378 1041.5550112323276 -30
      vertex 342.08181277306676 1052.8195635387349 -30
    endloop
  endfacet
  facet normal 0.49545866843240494 0.8686315144381926 0
    outer loop
      vertex 533.3013172305989 970.0714948085568 0
      vertex 563.5088472356609 952.8414238933657 -30
      vertex 533.3013172305989 970.0714948085568 -30
    endloop
  endfacet
  facet normal 0.3826834323650928 0.9238795325112854 0
    outer loop
      vertex 407.5138798219384 1029.2625698782945 0
      vertex 439.6427149327023 1015.9543706321671 -30
      vertex 407.5138798219384 1029.2625698782945 -30
    endloop
  endfacet
  facet normal 0.43993916985591297 0.8980275757606168 0
    outer loop
      vertex 471.3376757625352 1001.6435470798837 0
      vertex 502.5674832116782 986.3442222765233 -30
      vertex 471.3376757625352 1001.6435470798837 -30
    endloop
  endfacet
  facet normal 0.41151435860511065 0.9114032766354444 0
    outer loop
      vertex 439.6427149327023 1015.9543706321671 0
      vertex 471.3376757625352 1001.6435470798837 -30
      vertex 439.6427149327023 1015.9543706321671 -30
    endloop
  endfacet
  facet normal 0.467929814260576 0.8837656300886921 0
    outer loop
      vertex 502.5674832116782 986.3442222765233 0
      vertex 533.3013172305989 970.0714948085568 -30
      vertex 502.5674832116782 986.3442222765233 -30
    endloop
  endfacet
  facet normal 0 0 -1
    outer loop
      vertex 1104.8155883700965 69.50910511894979 -30
      vertex -213 -102.5 -30
      vertex 1102.0870948156096 104.17790284359546 -30
    endloop
  endfacet
  facet normal 0 0 -1
    outer loop
      vertex 1102.0870948156096 104.17790284359546 -30
      vertex -213 -102.5 -30
      vertex 1098.270974355127 138.7438895556846 -30
    endloop
  endfacet
  facet normal 0 0 -1
    outer loop
      vertex 1093.3709930388175 173.17295279953558 -30
      vertex -213 -102.5 -30
      vertex 1087.3919865566584 207.43111524639738 -30
    endloop
  endfacet
  facet normal 0 0 -1
    outer loop
      vertex 1087.3919865566584 207.43111524639738 -30
      vertex -213 -102.5 -30
      vertex 1080.3398554661935 241.4845682259725 -30
    endloop
  endfacet
  facet normal 0 0 -1
    outer loop
      vertex 1080.3398554661935 241.4845682259725 -30
      vertex -213 -102.5 -30
      vertex 1072.2215593693945 275.29970509149433 -30
    endloop
  endfacet
  facet normal 0 0 -1
    outer loop
      vertex 1098.270974355127 138.7438895556846 -30
      vertex -213 -102.5 -30
      vertex 1093.3709930388175 173.17295279953558 -30
    endloop
  endfacet
  facet normal 0 0 -1
    outer loop
      vertex 1041.5550112323276 374.9828777115378 -30
      vertex -213 -102.5 -30
      vertex 1029.2625698782945 407.5138798219384 -30
    endloop
  endfacet
  facet normal 0 0 -1
    outer loop
      vertex 1015.9543706321671 439.6427149327023 -30
      vertex -213 -102.5 -30
      vertex 1001.6435470798837 471.3376757625352 -30
    endloop
  endfacet
  facet normal 0 0 -1
    outer loop
      vertex 1029.2625698782945 407.5138798219384 -30
      vertex -213 -102.5 -30
      vertex 1015.9543706321671 439.6427149327023 -30
    endloop
  endfacet
  facet normal 0 0 -1
    outer loop
      vertex 1072.2215593693945 275.29970509149433 -30
      vertex -213 -102.5 -30
      vertex 1063.045110044376 308.84315438542654 -30
    endloop
  endfacet
  facet normal 0 0 -1
    outer loop
      vertex 1063.045110044376 308.84315438542654 -30
      vertex -213 -102.5 -30
      vertex 1052.8195635387349 342.08181277306676 -30
    endloop
  endfacet
  facet normal 0 0 -1
    outer loop
      vertex 1052.8195635387349 342.08181277306676 -30
      vertex -213 -102.5 -30
      vertex 1041.5550112323276 374.9828777115378 -30
    endloop
  endfacet
  facet normal 0 0 -1
    outer loop
      vertex 986.3442222765233 502.5674832116782 -30
      vertex -213 -102.5 -30
      vertex 970.0714948085568 533.3013172305989 -30
    endloop
  endfacet
  facet normal 0 0 -1
    outer loop
      vertex 970.0714948085568 533.3013172305989 -30
      vertex -213 -102.5 -30
      vertex 952.8414238933657 563.5088472356609 -30
    endloop
  endfacet
  facet normal 0 0 -1
    outer loop
      vertex 1001.6435470798837 471.3376757625352 -30
      vertex -213 -102.5 -30
      vertex 986.3442222765233 502.5674832116782 -30
    endloop
  endfacet
  facet normal 0 0 -1
    outer loop
      vertex 952.8414238933657 563.5088472356609 -30
      vertex -213 -102.5 -30
      vertex 934.6710135307305 593.1602620417494 -30
    endloop
  endfacet
  facet normal 0 0 -1
    outer loop
      vertex 1106.4537623248648 -34.771710299488234 -30
      vertex 1106.4537623248648 34.771710299488234 -30
      vertex 1107 0 -30
    endloop
  endfacet
  facet normal 0 0 -1
    outer loop
      vertex 1104.8155883700965 -69.50910511894979 -30
      vertex 1104.8155883700965 69.50910511894979 -30
      vertex 1106.4537623248648 34.771710299488234 -30
    endloop
  endfacet
  facet normal 0.9998766324816605 0.01570731731182202 0
    outer loop
      vertex 1107 0 0
      vertex 1107 0 -30
      vertex 1106.4537623248648 34.771710299488234 -30
    endloop
  endfacet
  facet normal 0.9988898749619699 0.04710645070964449 0
    outer loop
      vertex 1106.4537623248648 34.771710299488234 0
      vertex 1106.4537623248648 34.771710299488234 -30
      vertex 1104.8155883700965 69.50910511894979 -30
    endloop
  endfacet
  facet normal 0.9969173337331283 0.07845909572784118 0
    outer loop
      vertex 1104.8155883700965 69.50910511894979 0
      vertex 1104.8155883700965 69.50910511894979 -30
      vertex 1102.0870948156096 104.17790284359546 -30
    endloop
  endfacet
  facet normal 0.9939609554551797 0.10973431109104523 0
    outer loop
      vertex 1102.0870948156096 104.17790284359546 0
      vertex 1102.0870948156096 104.17790284359546 -30
      vertex 1098.270974355127 138.7438895556846 -30
    endloop
  endfacet
  facet normal 0.9900236577165575 0.14090123193758336 0
    outer loop
      vertex 1098.270974355127 138.7438895556846 0
      vertex 1098.270974355127 138.7438895556846 -30
      vertex 1093.3709930388175 173.17295279953558 -30
    endloop
  endfacet
  facet normal 0.985109326154774 0.1719291002794085 0
    outer loop
      vertex 1093.3709930388175 173.17295279953558 0
      vertex 1093.3709930388175 173.17295279953558 -30
      vertex 1087.3919865566584 207.43111524639738 -30
    endloop
  endfacet
  facet normal 0.9792228106217662 0.20278729535651027 0
    outer loop
      vertex 1087.3919865566584 207.43111524639738 0
      vertex 1087.3919865566584 207.43111524639738 -30
      vertex 1080.3398554661935 241.4845682259725 -30
    endloop
  endfacet
  facet normal 0.9723699203976751 0.23344536385591144 0
    outer loop
      vertex 1080.3398554661935 241.4845682259725 0
      vertex 1080.3398554661935 241.4845682259725 -30
      vertex 1072.2215593693945 275.29970509149433 -30
    endloop
  endfacet
  facet normal 0.8686315144381926 0.49545866843240494 0
    outer loop
      vertex 970.0714948085568 533.3013172305989 0
      vertex 970.0714948085568 533.3013172305989 -30
      vertex 952.8414238933657 563.5088472356609 -30
    endloop
  endfacet
  facet normal 0.9354440308298675 0.35347484377925653 0
    outer loop
      vertex 1041.5550112323276 374.9828777115378 0
      vertex 1041.5550112323276 374.9828777115378 -30
      vertex 1029.2625698782945 407.5138798219384 -30
    endloop
  endfacet
  facet normal 0.9645574184577992 0.2638730499653691 0
    outer loop
      vertex 1072.2215593693945 275.29970509149433 0
      vertex 1072.2215593693945 275.29970509149433 -30
      vertex 1063.045110044376 308.84315438542654 -30
    endloop
  endfacet
  facet normal 0.9557930147983287 0.29404032523230833 0
    outer loop
      vertex 1063.045110044376 308.84315438542654 0
      vertex 1063.045110044376 308.84315438542654 -30
      vertex 1052.8195635387349 342.08181277306676 -30
    endloop
  endfacet
  facet normal 0.9460853588275475 0.3239174181981433 0
    outer loop
      vertex 1052.8195635387349 342.08181277306676 0
      vertex 1052.8195635387349 342.08181277306676 -30
      vertex 1041.5550112323276 374.9828777115378 -30
    endloop
  endfacet
  facet normal 0.8980275757606168 0.43993916985591297 0
    outer loop
      vertex 1001.6435470798837 471.3376757625352 0
      vertex 1001.6435470798837 471.3376757625352 -30
      vertex 986.3442222765233 502.5674832116782 -30
    endloop
  endfacet
  facet normal 0.9238795325112854 0.3826834323650928 0
    outer loop
      vertex 1029.2625698782945 407.5138798219384 0
      vertex 1029.2625698782945 407.5138798219384 -30
      vertex 1015.9543706321671 439.6427149327023 -30
    endloop
  endfacet
  facet normal 0.9114032766354444 0.41151435860511065 0
    outer loop
      vertex 1015.9543706321671 439.6427149327023 0
      vertex 1015.9543706321671 439.6427149327023 -30
      vertex 1001.6435470798837 471.3376757625352 -30
    endloop
  endfacet
  facet normal 0.8837656300886921 0.467929814260576 0
    outer loop
      vertex 986.3442222765233 502.5674832116782 0
      vertex 986.3442222765233 502.5674832116782 -30
      vertex 970.0714948085568 533.3013172305989 -30
    endloop
  endfacet
  facet normal 0.6730125135097753 0.7396310949786078 0
    outer loop
      vertex 732.0722349132827 830.3729540809187 0
      vertex 757.7936462630581 806.9682705555027 -30
      vertex 732.0722349132827 830.3729540809187 -30
    endloop
  endfacet
  facet normal 0.7396310949786078 0.6730125135097753 0
    outer loop
      vertex 830.3729540809187 732.0722349132827 0
      vertex 830.3729540809187 732.0722349132827 -30
      vertex 806.9682705555027 757.7936462630581 -30
    endloop
  endfacet
  facet normal 0.6959127965923113 0.7181262977631916 0
    outer loop
      vertex 757.7936462630581 806.9682705555027 0
      vertex 782.7672067735082 782.7672067735082 -30
      vertex 757.7936462630581 806.9682705555027 -30
    endloop
  endfacet
  facet normal 0.7181262977631916 0.6959127965923113 0
    outer loop
      vertex 806.9682705555027 757.7936462630581 0
      vertex 806.9682705555027 757.7936462630581 -30
      vertex 782.7672067735082 782.7672067735082 -30
    endloop
  endfacet
  facet normal 0.5224985647159504 0.8526401643540912 0
    outer loop
      vertex 563.5088472356609 952.8414238933657 0
      vertex 593.1602620417494 934.6710135307305 -30
      vertex 563.5088472356609 952.8414238933657 -30
    endloop
  endfacet
  facet normal 0.549022817998129 0.835807361368272 0
    outer loop
      vertex 593.1602620417494 934.6710135307305 0
      vertex 622.2262992823084 915.5781957219401 -30
      vertex 593.1602620417494 934.6710135307305 -30
    endloop
  endfacet
  facet normal 0.6004202253258861 0.7996846584870889 0
    outer loop
      vertex 650.6782742877677 895.5818127730669 0
      vertex 678.4881083938452 874.701598699889 -30
      vertex 650.6782742877677 895.5818127730669 -30
    endloop
  endfacet
  facet normal 0.6252426563357038 0.780430407338331 0
    outer loop
      vertex 678.4881083938452 874.701598699889 0
      vertex 705.6283566517994 852.9581597527988 -30
      vertex 678.4881083938452 874.701598699889 -30
    endloop
  endfacet
  facet normal 0.575005252043279 0.8181497174250232 0
    outer loop
      vertex 622.2262992823084 915.5781957219401 0
      vertex 650.6782742877677 895.5818127730669 -30
      vertex 622.2262992823084 915.5781957219401 -30
    endloop
  endfacet
  facet normal 0.6494480483301832 0.7604059656000313 0
    outer loop
      vertex 705.6283566517994 852.9581597527988 0
      vertex 732.0722349132827 830.3729540809187 -30
      vertex 705.6283566517994 852.9581597527988 -30
    endloop
  endfacet
  facet normal 0.780430407338331 0.6252426563357038 0
    outer loop
      vertex 874.701598699889 678.4881083938452 0
      vertex 874.701598699889 678.4881083938452 -30
      vertex 852.9581597527988 705.6283566517994 -30
    endloop
  endfacet
  facet normal 0.7996846584870889 0.6004202253258861 0
    outer loop
      vertex 895.5818127730669 650.6782742877677 0
      vertex 895.5818127730669 650.6782742877677 -30
      vertex 874.701598699889 678.4881083938452 -30
    endloop
  endfacet
  facet normal 0.835807361368272 0.549022817998129 0
    outer loop
      vertex 934.6710135307305 593.1602620417494 0
      vertex 934.6710135307305 593.1602620417494 -30
      vertex 915.5781957219401 622.2262992823084 -30
    endloop
  endfacet
  facet normal 0.8526401643540912 0.5224985647159504 0
    outer loop
      vertex 952.8414238933657 563.5088472356609 0
      vertex 952.8414238933657 563.5088472356609 -30
      vertex 934.6710135307305 593.1602620417494 -30
    endloop
  endfacet
  facet normal 0.8181497174250232 0.575005252043279 0
    outer loop
      vertex 915.5781957219401 622.2262992823084 0
      vertex 915.5781957219401 622.2262992823084 -30
      vertex 895.5818127730669 650.6782742877677 -30
    endloop
  endfacet
  facet normal 0.7604059656000313 0.6494480483301832 0
    outer loop
      vertex 852.9581597527988 705.6283566517994 0
      vertex 852.9581597527988 705.6283566517994 -30
      vertex 830.3729540809187 732.0722349132827 -30
    endloop
  endfacet
  facet normal 0 0 1
    outer loop
      vertex -241.48456822597302 1080.3398554661933 0
      vertex -213 -102.5 0
      vertex 1102.2191486332865 -102.5 0
    endloop
  endfacet
  facet normal 0.01570731731182202 0.9998766324816605 0
    outer loop
      vertex 34.771710299488234 1106.4537623248648 0
      vertex 34.771710299488234 1106.4537623248648 -30
      vertex 0 1107 0
    endloop
  endfacet
  facet normal 0.04710645070964376 0.9988898749619699 0
    outer loop
      vertex 69.50910511895033 1104.8155883700965 0
      vertex 69.50910511895033 1104.8155883700965 -30
      vertex 34.771710299488234 1106.4537623248648 0
    endloop
  endfacet
  facet normal 0.07845909572784365 0.996917333733128 0
    outer loop
      vertex 104.17790284359491 1102.0870948156096 0
      vertex 104.17790284359491 1102.0870948156096 -30
      vertex 69.50910511895033 1104.8155883700965 0
    endloop
  endfacet
  facet normal 0.10973431109104348 0.9939609554551798 0
    outer loop
      vertex 138.7438895556846 1098.270974355127 0
      vertex 138.7438895556846 1098.270974355127 -30
      vertex 104.17790284359491 1102.0870948156096 0
    endloop
  endfacet
  facet normal 0.14090123193758336 0.9900236577165575 0
    outer loop
      vertex 173.17295279953558 1093.3709930388175 0
      vertex 173.17295279953558 1093.3709930388175 -30
      vertex 138.7438895556846 1098.270974355127 0
    endloop
  endfacet
  facet normal 0.1719291002794085 0.985109326154774 0
    outer loop
      vertex 207.43111524639738 1087.3919865566584 0
      vertex 207.43111524639738 1087.3919865566584 -30
      vertex 173.17295279953558 1093.3709930388175 0
    endloop
  endfacet
  facet normal 0.2027872953565136 0.9792228106217655 0
    outer loop
      vertex 241.48456822597302 1080.3398554661933 0
      vertex 241.48456822597302 1080.3398554661933 -30
      vertex 207.43111524639738 1087.3919865566584 0
    endloop
  endfacet
  facet normal 0.2334453638559086 0.9723699203976759 0
    outer loop
      vertex 275.29970509149433 1072.2215593693945 0
      vertex 275.29970509149433 1072.2215593693945 -30
      vertex 241.48456822597302 1080.3398554661933 0
    endloop
  endfacet
  facet normal 0.2638730499653691 0.9645574184577992 0
    outer loop
      vertex 308.84315438542654 1063.045110044376 0
      vertex 308.84315438542654 1063.045110044376 -30
      vertex 275.29970509149433 1072.2215593693945 0
    endloop
  endfacet
  facet normal 0.29404032523230833 0.9557930147983287 0
    outer loop
      vertex 342.08181277306676 1052.8195635387349 0
      vertex 342.08181277306676 1052.8195635387349 -30
      vertex 308.84315438542654 1063.045110044376 0
    endloop
  endfacet
  facet normal 0.35347484377925653 0.9354440308298675 0
    outer loop
      vertex 407.5138798219384 1029.2625698782945 0
      vertex 407.5138798219384 1029.2625698782945 -30
      vertex 374.9828777115378 1041.5550112323276 0
    endloop
  endfacet
  facet normal 0.3239174181981433 0.9460853588275475 0
    outer loop
      vertex 374.9828777115378 1041.5550112323276 0
      vertex 374.9828777115378 1041.5550112323276 -30
      vertex 342.08181277306676 1052.8195635387349 0
    endloop
  endfacet
  facet normal 0.49545866843240494 0.8686315144381926 0
    outer loop
      vertex 563.5088472356609 952.8414238933657 0
      vertex 563.5088472356609 952.8414238933657 -30
      vertex 533.3013172305989 970.0714948085568 0
    endloop
  endfacet
  facet normal 0.3826834323650928 0.9238795325112854 0
    outer loop
      vertex 439.6427149327023 1015.9543706321671 0
      vertex 439.6427149327023 1015.9543706321671 -30
      vertex 407.5138798219384 1029.2625698782945 0
    endloop
  endfacet
  facet normal 0.41151435860511065 0.9114032766354444 0
    outer loop
      vertex 471.3376757625352 1001.6435470798837 0
      vertex 471.3376757625352 1001.6435470798837 -30
      vertex 439.6427149327023 1015.9543706321671 0
    endloop
  endfacet
  facet normal 0.43993916985591297 0.8980275757606168 0
    outer loop
      vertex 502.5674832116782 986.3442222765233 0
      vertex 502.5674832116782 986.3442222765233 -30
      vertex 471.3376757625352 1001.6435470798837 0
    endloop
  endfacet
  facet normal 0.467929814260576 0.8837656300886921 0
    outer loop
      vertex 533.3013172305989 970.0714948085568 0
      vertex 533.3013172305989 970.0714948085568 -30
      vertex 502.5674832116782 986.3442222765233 0
    endloop
  endfacet
  facet normal 0 0 1
    outer loop
      vertex -207.43111524639738 1087.3919865566584 0
      vertex -241.48456822597302 1080.3398554661933 0
      vertex 1102.2191486332865 -102.5 0
    endloop
  endfacet
  facet normal 0 0 1
    outer loop
      vertex -173.17295279953558 1093.3709930388175 0
      vertex -207.43111524639738 1087.3919865566584 0
      vertex 1102.2191486332865 -102.5 0
    endloop
  endfacet
  facet normal 0 0 1
    outer loop
      vertex -138.7438895556846 1098.270974355127 0
      vertex -173.17295279953558 1093.3709930388175 0
      vertex 1102.2191486332865 -102.5 0
    endloop
  endfacet
  facet normal 0 0 1
    outer loop
      vertex -104.17790284359491 1102.0870948156096 0
      vertex -138.7438895556846 1098.270974355127 0
      vertex 1102.2191486332865 -102.5 0
    endloop
  endfacet
  facet normal 0 0 1
    outer loop
      vertex -69.50910511895033 1104.8155883700965 0
      vertex -104.17790284359491 1102.0870948156096 0
      vertex 1102.2191486332865 -102.5 0
    endloop
  endfacet
  facet normal 0 0 1
    outer loop
      vertex -34.771710299488234 1106.4537623248648 0
      vertex -69.50910511895033 1104.8155883700965 0
      vertex 1102.2191486332865 -102.5 0
    endloop
  endfacet
  facet normal 0 0 1
    outer loop
      vertex 0 1107 0
      vertex -34.771710299488234 1106.4537623248648 0
      vertex 1102.2191486332865 -102.5 0
    endloop
  endfacet
  facet normal 0 0 1
    outer loop
      vertex 34.771710299488234 1106.4537623248648 0
      vertex 0 1107 0
      vertex 1102.2191486332865 -102.5 0
    endloop
  endfacet
  facet normal 0 0 1
    outer loop
      vertex 69.50910511895033 1104.8155883700965 0
      vertex 34.771710299488234 1106.4537623248648 0
      vertex 1102.2191486332865 -102.5 0
    endloop
  endfacet
  facet normal 0 0 1
    outer loop
      vertex 241.48456822597302 1080.3398554661933 0
      vertex 207.43111524639738 1087.3919865566584 0
      vertex 1102.2191486332865 -102.5 0
    endloop
  endfacet
  facet normal 0 0 1
    outer loop
      vertex 275.29970509149433 1072.2215593693945 0
      vertex 241.48456822597302 1080.3398554661933 0
      vertex 1102.2191486332865 -102.5 0
    endloop
  endfacet
  facet normal 0 0 1
    outer loop
      vertex 104.17790284359491 1102.0870948156096 0
      vertex 69.50910511895033 1104.8155883700965 0
      vertex 1102.2191486332865 -102.5 0
    endloop
  endfacet
  facet normal 0 0 1
    outer loop
      vertex 138.7438895556846 1098.270974355127 0
      vertex 104.17790284359491 1102.0870948156096 0
      vertex 1102.2191486332865 -102.5 0
    endloop
  endfacet
  facet normal 0 0 1
    outer loop
      vertex 173.17295279953558 1093.3709930388175 0
      vertex 138.7438895556846 1098.270974355127 0
      vertex 1102.2191486332865 -102.5 0
    endloop
  endfacet
  facet normal 0 0 1
    outer loop
      vertex 207.43111524639738 1087.3919865566584 0
      vertex 173.17295279953558 1093.3709930388175 0
      vertex 1102.2191486332865 -102.5 0
    endloop
  endfacet
  facet normal 0.9998766324816605 0.01570731731182202 0
    outer loop
      vertex 1107 0 0
      vertex 1106.4537623248648 34.771710299488234 -30
      vertex 1106.4537623248648 34.771710299488234 0
    endloop
  endfacet
  facet normal 0.9988898749619699 0.04710645070964449 0
    outer loop
      vertex 1106.4537623248648 34.771710299488234 0
      vertex 1104.8155883700965 69.50910511894979 -30
      vertex 1104.8155883700965 69.50910511894979 0
    endloop
  endfacet
  facet normal 0.9969173337331283 0.07845909572784118 0
    outer loop
      vertex 1104.8155883700965 69.50910511894979 0
      vertex 1102.0870948156096 104.17790284359546 -30
      vertex 1102.0870948156096 104.17790284359546 0
    endloop
  endfacet
  facet normal 0.9939609554551797 0.10973431109104523 0
    outer loop
      vertex 1102.0870948156096 104.17790284359546 0
      vertex 1098.270974355127 138.7438895556846 -30
      vertex 1098.270974355127 138.7438895556846 0
    endloop
  endfacet
  facet normal 0.9900236577165575 0.14090123193758336 0
    outer loop
      vertex 1098.270974355127 138.7438895556846 0
      vertex 1093.3709930388175 173.17295279953558 -30
      vertex 1093.3709930388175 173.17295279953558 0
    endloop
  endfacet
  facet normal 0.985109326154774 0.1719291002794085 0
    outer loop
      vertex 1093.3709930388175 173.17295279953558 0
      vertex 1087.3919865566584 207.43111524639738 -30
      vertex 1087.3919865566584 207.43111524639738 0
    endloop
  endfacet
  facet normal 0.9792228106217662 0.20278729535651027 0
    outer loop
      vertex 1087.3919865566584 207.43111524639738 0
      vertex 1080.3398554661935 241.4845682259725 -30
      vertex 1080.3398554661935 241.4845682259725 0
    endloop
  endfacet
  facet normal 0.9723699203976751 0.23344536385591144 0
    outer loop
      vertex 1080.3398554661935 241.4845682259725 0
      vertex 1072.2215593693945 275.29970509149433 -30
      vertex 1072.2215593693945 275.29970509149433 0
    endloop
  endfacet
  facet normal 0.8686315144381926 0.49545866843240494 0
    outer loop
      vertex 970.0714948085568 533.3013172305989 0
      vertex 952.8414238933657 563.5088472356609 -30
      vertex 952.8414238933657 563.5088472356609 0
    endloop
  endfacet
  facet normal 0.9354440308298675 0.35347484377925653 0
    outer loop
      vertex 1041.5550112323276 374.9828777115378 0
      vertex 1029.2625698782945 407.5138798219384 -30
      vertex 1029.2625698782945 407.5138798219384 0
    endloop
  endfacet
  facet normal 0.9645574184577992 0.2638730499653691 0
    outer loop
      vertex 1072.2215593693945 275.29970509149433 0
      vertex 1063.045110044376 308.84315438542654 -30
      vertex 1063.045110044376 308.84315438542654 0
    endloop
  endfacet
  facet normal 0.9557930147983287 0.29404032523230833 0
    outer loop
      vertex 1063.045110044376 308.84315438542654 0
      vertex 1052.8195635387349 342.08181277306676 -30
      vertex 1052.8195635387349 342.08181277306676 0
    endloop
  endfacet
  facet normal 0.9460853588275475 0.3239174181981433 0
    outer loop
      vertex 1052.8195635387349 342.08181277306676 0
      vertex 1041.5550112323276 374.9828777115378 -30
      vertex 1041.5550112323276 374.9828777115378 0
    endloop
  endfacet
  facet normal 0.9238795325112854 0.3826834323650928 0
    outer loop
      vertex 1029.2625698782945 407.5138798219384 0
      vertex 1015.9543706321671 439.6427149327023 -30
      vertex 1015.9543706321671 439.6427149327023 0
    endloop
  endfacet
  facet normal 0.9114032766354444 0.41151435860511065 0
    outer loop
      vertex 1015.9543706321671 439.6427149327023 0
      vertex 1001.6435470798837 471.3376757625352 -30
      vertex 1001.6435470798837 471.3376757625352 0
    endloop
  endfacet
  facet normal 0.8980275757606168 0.43993916985591297 0
    outer loop
      vertex 1001.6435470798837 471.3376757625352 0
      vertex 986.3442222765233 502.5674832116782 -30
      vertex 986.3442222765233 502.5674832116782 0
    endloop
  endfacet
  facet normal 0.8837656300886921 0.467929814260576 0
    outer loop
      vertex 986.3442222765233 502.5674832116782 0
      vertex 970.0714948085568 533.3013172305989 -30
      vertex 970.0714948085568 533.3013172305989 0
    endloop
  endfacet
  facet normal 0 0 1
    outer loop
      vertex 705.6283566517994 852.9581597527988 0
      vertex 678.4881083938452 874.701598699889 0
      vertex 1102.2191486332865 -102.5 0
    endloop
  endfacet
  facet normal 0 0 1
    outer loop
      vertex 1106.4537623248648 -34.771710299488234 0
      vertex 1107 0 0
      vertex 1106.4537623248648 34.771710299488234 0
    endloop
  endfacet
  facet normal 0 0 1
    outer loop
      vertex 1106.4537623248648 -34.771710299488234 0
      vertex 1106.4537623248648 34.771710299488234 0
      vertex 1104.8155883700965 69.50910511894979 0
    endloop
  endfacet
  facet normal 0 0 1
    outer loop
      vertex 1104.8155883700965 -69.50910511894979 0
      vertex 1104.8155883700965 69.50910511894979 0
      vertex 1102.0870948156096 104.17790284359546 0
    endloop
  endfacet
  facet normal 0 0 1
    outer loop
      vertex 1102.0870948156096 104.17790284359546 0
      vertex 1098.270974355127 138.7438895556846 0
      vertex 1102.2191486332865 -102.5 0
    endloop
  endfacet
  facet normal 0 0 1
    outer loop
      vertex 1098.270974355127 138.7438895556846 0
      vertex 1093.3709930388175 173.17295279953558 0
      vertex 1102.2191486332865 -102.5 0
    endloop
  endfacet
  facet normal 0 0 1
    outer loop
      vertex 1093.3709930388175 173.17295279953558 0
      vertex 1087.3919865566584 207.43111524639738 0
      vertex 1102.2191486332865 -102.5 0
    endloop
  endfacet
  facet normal 0 0 1
    outer loop
      vertex 1080.3398554661935 241.4845682259725 0
      vertex 1072.2215593693945 275.29970509149433 0
      vertex 1102.2191486332865 -102.5 0
    endloop
  endfacet
  facet normal 0 0 1
    outer loop
      vertex 1087.3919865566584 207.43111524639738 0
      vertex 1080.3398554661935 241.4845682259725 0
      vertex 1102.2191486332865 -102.5 0
    endloop
  endfacet
  facet normal 0 0 1
    outer loop
      vertex 1052.8195635387349 342.08181277306676 0
      vertex 1041.5550112323276 374.9828777115378 0
      vertex 1102.2191486332865 -102.5 0
    endloop
  endfacet
  facet normal 0 0 1
    outer loop
      vertex 1072.2215593693945 275.29970509149433 0
      vertex 1063.045110044376 308.84315438542654 0
      vertex 1102.2191486332865 -102.5 0
    endloop
  endfacet
  facet normal 0 0 1
    outer loop
      vertex 1063.045110044376 308.84315438542654 0
      vertex 1052.8195635387349 342.08181277306676 0
      vertex 1102.2191486332865 -102.5 0
    endloop
  endfacet
  facet normal 0 0 1
    outer loop
      vertex 1041.5550112323276 374.9828777115378 0
      vertex 1029.2625698782945 407.5138798219384 0
      vertex 1102.2191486332865 -102.5 0
    endloop
  endfacet
  facet normal 0 0 1
    outer loop
      vertex 1029.2625698782945 407.5138798219384 0
      vertex 1015.9543706321671 439.6427149327023 0
      vertex 1102.2191486332865 -102.5 0
    endloop
  endfacet
  facet normal 0 0 1
    outer loop
      vertex 1015.9543706321671 439.6427149327023 0
      vertex 1001.6435470798837 471.3376757625352 0
      vertex 1102.2191486332865 -102.5 0
    endloop
  endfacet
  facet normal 0 0 1
    outer loop
      vertex 895.5818127730669 650.6782742877677 0
      vertex 874.701598699889 678.4881083938452 0
      vertex 1102.2191486332865 -102.5 0
    endloop
  endfacet
  facet normal 0 0 1
    outer loop
      vertex 806.9682705555027 757.7936462630581 0
      vertex 782.7672067735082 782.7672067735082 0
      vertex 1102.2191486332865 -102.5 0
    endloop
  endfacet
  facet normal 0 0 1
    outer loop
      vertex 757.7936462630581 806.9682705555027 0
      vertex 732.0722349132827 830.3729540809187 0
      vertex 1102.2191486332865 -102.5 0
    endloop
  endfacet
  facet normal 0 0 1
    outer loop
      vertex 732.0722349132827 830.3729540809187 0
      vertex 705.6283566517994 852.9581597527988 0
      vertex 1102.2191486332865 -102.5 0
    endloop
  endfacet
  facet normal 0 0 1
    outer loop
      vertex 782.7672067735082 782.7672067735082 0
      vertex 757.7936462630581 806.9682705555027 0
      vertex 1102.2191486332865 -102.5 0
    endloop
  endfacet
  facet normal 0 0 1
    outer loop
      vertex 852.9581597527988 705.6283566517994 0
      vertex 830.3729540809187 732.0722349132827 0
      vertex 1102.2191486332865 -102.5 0
    endloop
  endfacet
  facet normal 0 0 1
    outer loop
      vertex 830.3729540809187 732.0722349132827 0
      vertex 806.9682705555027 757.7936462630581 0
      vertex 1102.2191486332865 -102.5 0
    endloop
  endfacet
  facet normal 0 0 1
    outer loop
      vertex 874.701598699889 678.4881083938452 0
      vertex 852.9581597527988 705.6283566517994 0
      vertex 1102.2191486332865 -102.5 0
    endloop
  endfacet
  facet normal 0 0 1
    outer loop
      vertex 986.3442222765233 502.5674832116782 0
      vertex 970.0714948085568 533.3013172305989 0
      vertex 1102.2191486332865 -102.5 0
    endloop
  endfacet
  facet normal 0 0 1
    outer loop
      vertex 1001.6435470798837 471.3376757625352 0
      vertex 986.3442222765233 502.5674832116782 0
      vertex 1102.2191486332865 -102.5 0
    endloop
  endfacet
  facet normal 0 0 1
    outer loop
      vertex 970.0714948085568 533.3013172305989 0
      vertex 952.8414238933657 563.5088472356609 0
      vertex 1102.2191486332865 -102.5 0
    endloop
  endfacet
  facet normal 0 0 1
    outer loop
      vertex 934.6710135307305 593.1602620417494 0
      vertex 915.5781957219401 622.2262992823084 0
      vertex 1102.2191486332865 -102.5 0
    endloop
  endfacet
  facet normal 0 0 1
    outer loop
      vertex 952.8414238933657 563.5088472356609 0
      vertex 934.6710135307305 593.1602620417494 0
      vertex 1102.2191486332865 -102.5 0
    endloop
  endfacet
  facet normal 0 0 1
    outer loop
      vertex 915.5781957219401 622.2262992823084 0
      vertex 895.5818127730669 650.6782742877677 0
      vertex 1102.2191486332865 -102.5 0
    endloop
  endfacet
  facet normal 0.6730125135097753 0.7396310949786078 0
    outer loop
      vertex 757.7936462630581 806.9682705555027 0
      vertex 757.7936462630581 806.9682705555027 -30
      vertex 732.0722349132827 830.3729540809187 0
    endloop
  endfacet
  facet normal 0.7396310949786078 0.6730125135097753 0
    outer loop
      vertex 830.3729540809187 732.0722349132827 0
      vertex 806.9682705555027 757.7936462630581 -30
      vertex 806.9682705555027 757.7936462630581 0
    endloop
  endfacet
  facet normal 0.6959127965923113 0.7181262977631916 0
    outer loop
      vertex 782.7672067735082 782.7672067735082 0
      vertex 782.7672067735082 782.7672067735082 -30
      vertex 757.7936462630581 806.9682705555027 0
    endloop
  endfacet
  facet normal 0.7181262977631916 0.6959127965923113 0
    outer loop
      vertex 806.9682705555027 757.7936462630581 0
      vertex 782.7672067735082 782.7672067735082 -30
      vertex 782.7672067735082 782.7672067735082 0
    endloop
  endfacet
  facet normal 0.5224985647159504 0.8526401643540912 0
    outer loop
      vertex 593.1602620417494 934.6710135307305 0
      vertex 593.1602620417494 934.6710135307305 -30
      vertex 563.5088472356609 952.8414238933657 0
    endloop
  endfacet
  facet normal 0.549022817998129 0.835807361368272 0
    outer loop
      vertex 622.2262992823084 915.5781957219401 0
      vertex 622.2262992823084 915.5781957219401 -30
      vertex 593.1602620417494 934.6710135307305 0
    endloop
  endfacet
  facet normal 0.6004202253258861 0.7996846584870889 0
    outer loop
      vertex 678.4881083938452 874.701598699889 0
      vertex 678.4881083938452 874.701598699889 -30
      vertex 650.6782742877677 895.5818127730669 0
    endloop
  endfacet
  facet normal 0.575005252043279 0.8181497174250232 0
    outer loop
      vertex 650.6782742877677 895.5818127730669 0
      vertex 650.6782742877677 895.5818127730669 -30
      vertex 622.2262992823084 915.5781957219401 0
    endloop
  endfacet
  facet normal 0.6252426563357038 0.780430407338331 0
    outer loop
      vertex 705.6283566517994 852.9581597527988 0
      vertex 705.6283566517994 852.9581597527988 -30
      vertex 678.4881083938452 874.701598699889 0
    endloop
  endfacet
  facet normal 0.6494480483301832 0.7604059656000313 0
    outer loop
      vertex 732.0722349132827 830.3729540809187 0
      vertex 732.0722349132827 830.3729540809187 -30
      vertex 705.6283566517994 852.9581597527988 0
    endloop
  endfacet
  facet normal 0.7996846584870889 0.6004202253258861 0
    outer loop
      vertex 895.5818127730669 650.6782742877677 0
      vertex 874.701598699889 678.4881083938452 -30
      vertex 874.701598699889 678.4881083938452 0
    endloop
  endfacet
  facet normal 0.835807361368272 0.549022817998129 0
    outer loop
      vertex 934.6710135307305 593.1602620417494 0
      vertex 915.5781957219401 622.2262992823084 -30
      vertex 915.5781957219401 622.2262992823084 0
    endloop
  endfacet
  facet normal 0.8526401643540912 0.5224985647159504 0
    outer loop
      vertex 952.8414238933657 563.5088472356609 0
      vertex 934.6710135307305 593.1602620417494 -30
      vertex 934.6710135307305 593.1602620417494 0
    endloop
  endfacet
  facet normal 0.8181497174250232 0.575005252043279 0
    outer loop
      vertex 915.5781957219401 622.2262992823084 0
      vertex 895.5818127730669 650.6782742877677 -30
      vertex 895.5818127730669 650.6782742877677 0
    endloop
  endfacet
  facet normal 0.7604059656000313 0.6494480483301832 0
    outer loop
      vertex 852.9581597527988 705.6283566517994 0
      vertex 830.3729540809187 732.0722349132827 -30
      vertex 830.3729540809187 732.0722349132827 0
    endloop
  endfacet
  facet normal 0.780430407338331 0.6252426563357038 0
    outer loop
      vertex 874.701598699889 678.4881083938452 0
      vertex 852.9581597527988 705.6283566517994 -30
      vertex 852.9581597527988 705.6283566517994 0
    endloop
  endfacet
  facet normal 0 0 1
    outer loop
      vertex 308.84315438542654 1063.045110044376 0
      vertex 275.29970509149433 1072.2215593693945 0
      vertex 1102.2191486332865 -102.5 0
    endloop
  endfacet
  facet normal 0 0 1
    outer loop
      vertex 342.08181277306676 1052.8195635387349 0
      vertex 308.84315438542654 1063.045110044376 0
      vertex 1102.2191486332865 -102.5 0
    endloop
  endfacet
  facet normal 0 0 1
    outer loop
      vertex 374.9828777115378 1041.5550112323276 0
      vertex 342.08181277306676 1052.8195635387349 0
      vertex 1102.2191486332865 -102.5 0
    endloop
  endfacet
  facet normal 0 0 1
    outer loop
      vertex 407.5138798219384 1029.2625698782945 0
      vertex 374.9828777115378 1041.5550112323276 0
      vertex 1102.2191486332865 -102.5 0
    endloop
  endfacet
  facet normal 0 0 1
    outer loop
      vertex 439.6427149327023 1015.9543706321671 0
      vertex 407.5138798219384 1029.2625698782945 0
      vertex 1102.2191486332865 -102.5 0
    endloop
  endfacet
  facet normal 0 0 1
    outer loop
      vertex 471.3376757625352 1001.6435470798837 0
      vertex 439.6427149327023 1015.9543706321671 0
      vertex 1102.2191486332865 -102.5 0
    endloop
  endfacet
  facet normal 0 0 1
    outer loop
      vertex 533.3013172305989 970.0714948085568 0
      vertex 502.5674832116782 986.3442222765233 0
      vertex 1102.2191486332865 -102.5 0
    endloop
  endfacet
  facet normal 0 0 1
    outer loop
      vertex 563.5088472356609 952.8414238933657 0
      vertex 533.3013172305989 970.0714948085568 0
      vertex 1102.2191486332865 -102.5 0
    endloop
  endfacet
  facet normal 0 0 1
    outer loop
      vertex 593.1602620417494 934.6710135307305 0
      vertex 563.5088472356609 952.8414238933657 0
      vertex 1102.2191486332865 -102.5 0
    endloop
  endfacet
  facet normal 0 0 1
    outer loop
      vertex 502.5674832116782 986.3442222765233 0
      vertex 471.3376757625352 1001.6435470798837 0
      vertex 1102.2191486332865 -102.5 0
    endloop
  endfacet
  facet normal 0 0 1
    outer loop
      vertex 622.2262992823084 915.5781957219401 0
      vertex 593.1602620417494 934.6710135307305 0
      vertex 1102.2191486332865 -102.5 0
    endloop
  endfacet
  facet normal 0 0 1
    outer loop
      vertex 650.6782742877677 895.5818127730669 0
      vertex 622.2262992823084 915.5781957219401 0
      vertex 1102.2191486332865 -102.5 0
    endloop
  endfacet
  facet normal 0 0 1
    outer loop
      vertex 678.4881083938452 874.701598699889 0
      vertex 650.6782742877677 895.5818127730669 0
      vertex 1102.2191486332865 -102.5 0
    endloop
  endfacet
endsolid OpenSCAD_Model
